Breakpoints,probability,stand_left_breakpoint,strand_right_breakpoint,SV_type,Paired_Reads,Splitted_Reads,Left_gene,Right_gene
chr15:48623255;chr15:48623286,2.08375e-05,+,-,DELETION,PE:0,SR:10,RP11-154J22.1,RP11-154J22.1
chr11:47644331;chr11:47647227,3.86235e-06,+,-,DELETION,PE:0,SR:12,MTCH2,MTCH2
chr8:145151665;chr8:145151693,1.32698e-07,+,-,DELETION,PE:0,SR:16,CYC1,CYC1
chr2:33501110;chr2:33501157,1.32698e-07,+,-,DELETION,PE:0,SR:16,LTBP1,LTBP1
chr13:95363656;chr13:95363828,3.07585e-08,+,-,DELETION,PE:0,SR:6,SOX21,SOX21
chr15:25932725;chr15:25932784,3.96562e-05,+,-,DELETION,PE:0,SR:7,ATP10A,ATP10A
chr3:100945086;chr3:100945107,2.30989e-05,+,-,DELETION,PE:0,SR:7,IMPG2,IMPG2
chr9:139996806;chr9:139997105,6.20249e-29,+,-,DELETION,PE:10,SR:0,MAN1B1,MAN1B1
chr1:117078181;chr1:117078485,1.01652e-25,+,-,DELETION,PE:10,SR:5,CD58,CD58
chr22:39382418;chr22:39385458,0.00352113,+,-,DELETION,PE:11,SR:0,APOBEC3B,APOBEC3B
chr7:142099545;chr7:142247248,1.76766e-27,+,-,DELETION,PE:11,SR:0,TRBV7-8,TRBV7-3
chr9:100761075;chr9:100761388,7.73768e-28,+,-,DELETION,PE:11,SR:3,ANP32B,ANP32B
chr6:4050257;chr6:4050560,1.61397e-30,+,-,DELETION,PE:11,SR:5,PRPF4B,PRPF4B
chr14:107035150;chr14:107259739,0.0025,+,-,DELETION,PE:12,SR:0,IGHV5-51,IGHV5-78
chr22:22707552;chr22:22730626,1.14537e-29,+,-,DELETION,PE:12,SR:0,IGLV5-48,IGLV5-45
chr17:39578777;chr17:39595321,0.00302115,+,-,DELETION,PE:12,SR:0,KRT37,KRT38
chr1:150691451;chr1:150691769,7.36833e-30,+,-,DELETION,PE:12,SR:4,HORMAD1,HORMAD1
chr1:21786420;chr1:21786690,6.09736e-34,+,-,DELETION,PE:12,SR:5,PFN1P10,NBPF3
chr5:13895092;chr5:13895379,3.11309e-34,+,-,DELETION,PE:12,SR:6,DNAH5,DNAH5
chr7:142119947;chr7:142247271,1.48802e-31,+,-,DELETION,PE:13,SR:0,TRBV7-7,TRBV7-3
chr11:93102815;chr11:93103118,2.07112e-33,+,-,DELETION,PE:13,SR:8,CCDC67,CCDC67
chr6:168376933;chr6:168377248,0.00381679,+,-,DELETION,PE:14,SR:0,RP3-470B24.5,RP3-470B24.5
chr19:22939012;chr19:22939571,3.02587e-35,+,-,DELETION,PE:14,SR:0,ZNF99,ZNF99
chr14:93651378;chr14:93652600,0,+,-,DELETION,PE:152,SR:61,TMEM251,TMEM251
chr7:142470701;chr7:142481235,2.89625e-36,+,-,DELETION,PE:15,SR:0,PRSS3P1,PRSS3P2
chr11:1017128;chr11:1017499,0.00606061,+,-,DELETION,PE:16,SR:0,MUC6,MUC6
chr12:104378697;chr12:104379378,0.00292398,+,-,DELETION,PE:16,SR:0,TDG,TDG
chr2:202146658;chr2:202149440,1.36089e-39,+,-,DELETION,PE:16,SR:4,CASP8,CASP8
chr8:141444435;chr8:141551178,2.03236e-39,+,-,DELETION,PE:16,SR:6,TRAPPC9,AGO2
chr14:106926403;chr14:107114029,0.00255102,+,-,DELETION,PE:18,SR:0,IGHV3-43,IGHV3-64
chr11:47640420;chr11:47644251,0.00274725,+,-,DELETION,PE:18,SR:0,MTCH2,MTCH2
chr15:93515798;chr15:93516100,2.58472e-54,+,-,DELETION,PE:18,SR:10,CHD2,CHD2
chr17:71188972;chr17:71189069,3.8131e-06,+,-,DELETION,PE:1,SR:6,RP11-143K11.5,RP11-143K11.5
chr19:1051380;chr19:1051419,4.51742e-07,+,-,DELETION,PE:1,SR:7,ABCA7,ABCA7
chr7:26246116;chr7:26248016,0.0028169,+,-,DELETION,PE:20,SR:0,CBX3,CBX3
chr12:104379505;chr12:104380723,3.0596e-47,+,-,DELETION,PE:20,SR:0,TDG,TDG
chr10:135104778;chr10:135105961,0.00395257,+,-,DELETION,PE:20,SR:0,TUBGCP2,TUBGCP2
chr1:16376439;chr1:16386254,0.00268817,+,-,DELETION,PE:22,SR:0,CLCNKB,FAM131C
chr5:484239;chr5:484592,0.0030581,+,-,DELETION,PE:25,SR:0,SLC9A3,SLC9A3
chr22:45723935;chr22:45724233,1.01745e-64,+,-,DELETION,PE:26,SR:0,FAM118A,FAM118A
chr10:323498;chr10:324673,1.03814e-67,+,-,DELETION,PE:27,SR:9,DIP2C,DIP2C
chr4:85981;chr4:367144,inf,+,-,DELETION,PE:28,SR:0,ZNF595,ZNF141
chr22:39380238;chr22:39381812,1.05897e-08,+,-,DELETION,PE:2,SR:7,APOBEC3B,APOBEC3B
chr8:143959186;chr8:143997245,8.0328e-74,+,-,DELETION,PE:32,SR:0,GML,GML
chr11:48367528;chr11:48373693,1.28361e-77,+,-,DELETION,PE:32,SR:6,OR4C4P,OR4C4P
chr10:5202104;chr10:5324746,7.30509e-79,+,-,DELETION,PE:33,SR:0,AKR1CL1,AKR1C7P
chr5:711981;chr5:796148,0.00277008,+,-,DELETION,PE:34,SR:0,ZDHHC11B,ZDHHC11
chr22:39388132;chr22:39388515,0.00254453,+,-,DELETION,PE:3,SR:0,APOBEC3B-AS1,APOBEC3B-AS1
chr20:61909489;chr20:61909672,2.4425e-11,+,-,DELETION,PE:3,SR:0,ARFGAP1,ARFGAP1
chr11:381303;chr11:381674,6.87423e-10,+,-,DELETION,PE:3,SR:0,B4GALNT4,B4GALNT4
chr6:136597552;chr6:136599000,0.00243903,+,-,DELETION,PE:3,SR:0,BCLAF1,BCLAF1
chr7:26248127;chr7:26251719,6.86729e-10,+,-,DELETION,PE:3,SR:0,CBX3,CBX3
chr4:139948030;chr4:139948339,inf,+,-,DELETION,PE:3,SR:0,CCRN4L,CCRN4L
chrY:13471379;chrY:13488848,0.0025974,+,-,DELETION,PE:3,SR:0,DUX4L17,DUX4L19
chr5:180042548;chr5:180043346,1.50382e-09,+,-,DELETION,PE:3,SR:0,FLT4,FLT4
chr2:234698971;chr2:234699339,7.14863e-10,+,-,DELETION,PE:3,SR:0,MROH2A,MROH2A
chr19:9009481;chr19:9012830,6.3003e-10,+,-,DELETION,PE:3,SR:0,MUC16,MUC16
chr22:42523454;chr22:42537350,6.57164e-10,+,-,DELETION,PE:3,SR:0,NDUFA6-AS1,CYP2D7P1
chr8:101719223;chr8:101721686,6.69699e-10,+,-,DELETION,PE:3,SR:0,PABPC1,PABPC1
chr19:56273112;chr19:56283113,0.00257069,+,-,DELETION,PE:3,SR:0,RFPL4A,RFPL4AL1
chr1:33476362;chr1:33478882,6.87676e-10,+,-,DELETION,PE:3,SR:0,RP1-117O3.2,RP1-117O3.2
chrX:48140608;chrX:52641969,0.00251256,+,-,DELETION,PE:3,SR:0,RP11-344N17.11,RP11-552J9.6
chr10:134253748;chr10:134254326,1.77552e-09,+,-,DELETION,PE:3,SR:0,RP11-432J24.3,RP11-432J24.3
chr6:125231648;chr6:125356634,0.00297619,+,-,DELETION,PE:3,SR:0,RP11-510H23.1,RNF217
chr20:62309075;chr20:62309455,1.37414e-09,+,-,DELETION,PE:3,SR:0,RTEL1-TNFRSF6B,RTEL1-TNFRSF6B
chr19:423110;chr19:423633,0.00331126,+,-,DELETION,PE:3,SR:0,SHC2,SHC2
chr12:104378692;chr12:104380727,9.73412e-05,+,-,DELETION,PE:3,SR:0,TDG,TDG
chr7:38292982;chr7:38393316,2.98168e-05,+,-,DELETION,PE:3,SR:0,TRGJ2,TRGV4
chr19:37240467;chr19:37240775,0.00314474,+,-,DELETION,PE:3,SR:0,ZNF850,ZNF850
chr17:79610355;chr17:79610654,6.2542e-09,+,-,DELETION,PE:3,SR:1,TSPAN10,TSPAN10
chr3:170565668;chr3:170565917,1.38107e-10,+,-,DELETION,PE:3,SR:3,CLDN11,CLDN11
chr9:140772668;chr9:140777194,2.61434e-91,+,-,DELETION,PE:40,SR:0,RP11-188C12.3,RP11-188C12.3
chr5:132918980;chr5:132924990,8.96997e-98,+,-,DELETION,PE:42,SR:4,FSTL4,FSTL4
chr6:158548282;chr6:158549066,6.02199e-106,+,-,DELETION,PE:43,SR:25,SERAC1,SERAC1
chr19:49397549;chr19:54969600,1.49008e-110,+,-,DELETION,PE:47,SR:8,TULP2,LENG8
chr22:39381888;chr22:39382300,0.00248139,+,-,DELETION,PE:4,SR:0,APOBEC3B,APOBEC3B
chr6:136599864;chr6:136600898,0.00268817,+,-,DELETION,PE:4,SR:0,BCLAF1,BCLAF1
chr19:6693967;chr19:6694362,1.03789e-11,+,-,DELETION,PE:4,SR:0,C3,C3
chr1:22303496;chr1:22328225,1.00687e-11,+,-,DELETION,PE:4,SR:0,CELA3B,CELA3A
chrY:13462797;chrY:13470812,4.10888e-12,+,-,DELETION,PE:4,SR:0,DUX4L16,DUX4L17
chr7:100680117;chr7:100680412,4.10615e-12,+,-,DELETION,PE:4,SR:0,MUC17,MUC17
chr17:25982381;chr17:26087800,0.0027933,+,-,DELETION,PE:4,SR:0,NOS2P1,NOS2
chr7:99816254;chr7:99943565,0.00253807,+,-,DELETION,PE:4,SR:0,STAG3,STAG3L5P-PVRIG2P-PILRB
chr7:142197996;chr7:142247575,0.00250627,+,-,DELETION,PE:4,SR:0,TRBV11-2,TRBV7-3
chr12:48295262;chr12:48295310,0.0263158,+,-,DELETION,PE:4,SR:0,VDR,VDR
chr17:456157;chr17:456543,4.53657e-12,+,-,DELETION,PE:4,SR:0,VPS53,VPS53
chr19:22363783;chr19:23158587,0.00244499,+,-,DELETION,PE:4,SR:0,ZNF676,ZNF728
chr16:70553024;chr16:70553329,6.73984e-11,+,-,DELETION,PE:4,SR:1,COG4,COG4
chr3:49197763;chr3:49198072,1.08907e-11,+,-,DELETION,PE:4,SR:1,RP11-694I15.7,RP11-694I15.7
chr15:66633824;chr15:66634133,5.20556e-14,+,-,DELETION,PE:4,SR:7,TIPIN,TIPIN
chr7:100550625;chr7:100550811,0.000126024,+,-,DELETION,PE:50,SR:1,MUC3A,MUC3A
chr6:136582615;chr6:136589299,9.43942e-136,+,-,DELETION,PE:57,SR:18,BCLAF1,BCLAF1
chr1:228361855;chr1:228362290,0.0028169,+,-,DELETION,PE:5,SR:0,IBA57,IBA57
chr11:1086543;chr11:1086825,1.88579e-14,+,-,DELETION,PE:5,SR:0,MUC2,MUC2
chr5:140563522;chr5:140573638,0.00281874,+,-,DELETION,PE:5,SR:0,PCDHB16,PCDHB10
chr19:21750724;chr19:21751838,2.8855e-14,+,-,DELETION,PE:5,SR:0,RP11-678G14.2,RP11-678G14.2
chr8:110510320;chr8:110510629,1.0538e-13,+,-,DELETION,PE:5,SR:2,PKHD1L1,PKHD1L1
chr1:169160037;chr1:169160349,5.51249e-15,+,-,DELETION,PE:5,SR:4,NME7,NME7
chr2:103322496;chr2:103322818,3.34928e-16,+,-,DELETION,PE:5,SR:5,SLC9A2,SLC9A2
chr9:140773612;chr9:140777193,1.28447e-149,+,-,DELETION,PE:64,SR:19,RP11-188C12.3,RP11-188C12.3
chr16:2347914;chr16:2348209,1.11819e-16,+,-,DELETION,PE:6,SR:0,ABCA3,ABCA3
chr22:39387603;chr22:39388037,1.67941e-16,+,-,DELETION,PE:6,SR:0,APOBEC3B-AS1,APOBEC3B-AS1
chr6:136593210;chr6:136594223,1.6567e-16,+,-,DELETION,PE:6,SR:0,BCLAF1,BCLAF1
chr1:2523742;chr1:2524076,inf,+,-,DELETION,PE:6,SR:0,MMEL1,MMEL1
chr8:101717894;chr8:101718957,3.70016e-16,+,-,DELETION,PE:6,SR:0,PABPC1,PABPC1
chr7:142143674;chr7:142180647,inf,+,-,DELETION,PE:6,SR:0,TRBV6-7,TRBV6-5
chr19:4511275;chr19:4511716,0.00364964,+,-,DELETION,PE:70,SR:0,PLIN4,PLIN4
chr11:7716915;chr11:7717219,1.08483e-183,+,-,DELETION,PE:71,SR:36,OVCH2,OVCH2
chr6:136590747;chr6:136594218,0.00271003,+,-,DELETION,PE:7,SR:0,BCLAF1,BCLAF1
chr22:37905712;chr22:37906257,1.39027e-18,+,-,DELETION,PE:7,SR:0,CARD10,CARD10
chrY:13463340;chrY:13488716,0.00383142,+,-,DELETION,PE:7,SR:0,DUX4L16,DUX4L19
chr11:47640419;chr11:47647227,0.00243902,+,-,DELETION,PE:7,SR:0,MTCH2,MTCH2
chr11:124121268;chr11:124135685,1.00279e-05,+,-,DELETION,PE:7,SR:0,OR8G1,OR8G5
chr19:21607520;chr19:21608351,2.15378e-18,+,-,DELETION,PE:7,SR:0,ZNF493,ZNF493
chr4:7995809;chr4:7996893,8.34683e-20,+,-,DELETION,PE:7,SR:1,ABLIM2,ABLIM2
chr22:43557197;chr22:43558807,5.67626e-18,+,-,DELETION,PE:7,SR:2,TSPO,TSPO
chr9:140772669;chr9:140773504,1.05938e-202,+,-,DELETION,PE:85,SR:22,RP11-188C12.3,RP11-188C12.3
chr6:136589480;chr6:136590622,0.00263852,+,-,DELETION,PE:8,SR:0,BCLAF1,BCLAF1
chrY:13463526;chrY:13478033,0.0147059,+,-,DELETION,PE:8,SR:0,DUX4L16,DUX4L18
chr15:23685259;chr15:23685476,9.00708e-24,+,-,DELETION,PE:8,SR:0,GOLGA6L2,GOLGA6L2
chr7:100678660;chr7:100679746,inf,+,-,DELETION,PE:8,SR:0,MUC17,MUC17
chr19:56041814;chr19:56042147,0.00460829,+,-,DELETION,PE:8,SR:0,SBK2,SBK2
chr6:136594328;chr6:136596678,2.08657e-22,+,-,DELETION,PE:9,SR:0,BCLAF1,BCLAF1
chr2:135260666;chr2:135262111,5.66783e-23,+,-,DELETION,PE:9,SR:0,TMEM163,TMEM163
chr10:977323;chr10:1034340,2.56405e-22,+,-,DELETION,PE:9,SR:1,LARP4B,GTPBP4
chr1:156526723;chr1:156528935,5.63306e-31,+,-,DELETION,PE:9,SR:2,IQGAP3,IQGAP3
chr15:23685009;chr15:23685442,3.56873e-22,-,+,DUPLICATION,PE:10,SR:0,GOLGA6L2,GOLGA6L2
chr8:39852718;chr8:125877539,2.75673e-25,-,+,DUPLICATION,PE:10,SR:0,RP11-44K6.3,LINC00964
chr1:201178708;chr1:201180120,2.79306e-28,-,+,DUPLICATION,PE:11,SR:0,IGFN1,IGFN1
chr14:106926539;chr14:107114111,3.50831e-28,-,+,DUPLICATION,PE:11,SR:0,IGHV3-43,IGHV3-64
chr13:111590550;chr13:111590745,1.88434e-27,-,+,DUPLICATION,PE:11,SR:0,PARP1P1,PARP1P1
chr19:4511233;chr19:4511923,0.025,-,+,DUPLICATION,PE:124,SR:0,PLIN4,PLIN4
chr1:152276731;chr1:152281534,1.13947e-29,-,+,DUPLICATION,PE:12,SR:0,FLG-AS1,FLG-AS1
chr11:14288767;chr11:14515373,5.94295e-30,-,+,DUPLICATION,PE:12,SR:5,SPON1,PSMA1
chr22:45745477;chr22:45746409,1.03413e-34,-,+,DUPLICATION,PE:14,SR:0,SMC1B,SMC1B
chr7:100230953;chr7:100283606,1.47035e-35,-,+,DUPLICATION,PE:14,SR:3,TFR2,GIGYF1
chr19:12829703;chr19:13029229,8.23153e-38,-,+,DUPLICATION,PE:15,SR:6,TNPO2,SYCE2
chr1:10093734;chr1:10094184,1.55236e-42,-,+,DUPLICATION,PE:17,SR:6,UBE4B,UBE4B
chr14:106471398;chr14:106774216,4.8727e-45,-,+,DUPLICATION,PE:19,SR:0,IGHV1-3,IGHV7-27
chr9:139997151;chr9:139997799,4.72368e-45,-,+,DUPLICATION,PE:19,SR:0,MAN1B1,MAN1B1
chr17:39579079;chr17:39595499,4.22194e-49,-,+,DUPLICATION,PE:20,SR:0,KRT37,KRT38
chr2:135260548;chr2:135262023,1.94899e-49,-,+,DUPLICATION,PE:21,SR:0,TMEM163,TMEM163
chr12:120719968;chr12:120947986,2.46852e-51,-,+,DUPLICATION,PE:21,SR:1,NME2P1,COQ5
chr22:40800998;chr22:40807803,1.56397e-55,-,+,DUPLICATION,PE:22,SR:4,SGSM3,MKL1
chr5:140558340;chr5:140594454,3.61025e-59,-,+,DUPLICATION,PE:24,SR:0,PCDHB8,PCDHB13
chr19:54724551;chr19:54744231,5.17447e-56,-,+,DUPLICATION,PE:24,SR:0,RPS9,RPS9
chr4:86068;chr4:367250,2.58994e-58,-,+,DUPLICATION,PE:24,SR:0,ZNF595,ZNF141
chr19:39116560;chr19:39116712,2.90373e-11,-,+,DUPLICATION,PE:2,SR:14,EIF3K,EIF3K
chr19:46253064;chr19:46272068,5.62774e-10,-,+,DUPLICATION,PE:3,SR:0,AC074212.3,SIX5
chr1:1413875;chr1:1452493,6.6105e-10,-,+,DUPLICATION,PE:3,SR:0,ATAD3B,ATAD3A
chr3:10088252;chr3:11911848,6.44706e-10,-,+,DUPLICATION,PE:3,SR:0,FANCD2,FANCD2P2
chr1:201178699;chr1:201178868,6.49327e-10,-,+,DUPLICATION,PE:3,SR:0,IGFN1,IGFN1
chr14:106471412;chr14:107282983,6.73246e-10,-,+,DUPLICATION,PE:3,SR:0,IGHV1-3,IGHV7-81
chr21:32114363;chr21:32114647,6.45903e-10,-,+,DUPLICATION,PE:3,SR:0,KRTAP21-4P,KRTAP21-4P
chr9:139997156;chr9:139998511,7.52551e-10,-,+,DUPLICATION,PE:3,SR:0,MAN1B1,MAN1B1
chr11:1017309;chr11:1017931,1.06206e-07,-,+,DUPLICATION,PE:3,SR:0,MUC6,MUC6
chr20:42325120;chr20:42325642,4.8238e-10,-,+,DUPLICATION,PE:3,SR:0,MYBL2,MYBL2
chr16:12297199;chr16:12297351,6.52706e-10,-,+,DUPLICATION,PE:3,SR:0,SNX29,SNX29
chr19:53602418;chr19:53632235,5.21689e-10,-,+,DUPLICATION,PE:3,SR:0,ZNF160,ZNF415
chr19:21607438;chr19:21608247,6.48246e-10,-,+,DUPLICATION,PE:3,SR:0,ZNF493,ZNF493
chr19:52888061;chr19:52941518,6.75375e-10,-,+,DUPLICATION,PE:3,SR:0,ZNF880,ZNF534
chr4:162656627;chr4:162697274,7.16371e-09,-,+,DUPLICATION,PE:3,SR:1,FSTL5,FSTL5
chr9:139996714;chr9:139997599,2.00302e-93,-,+,DUPLICATION,PE:41,SR:0,MAN1B1,MAN1B1
chr19:55797324;chr19:55797641,4.45354e-12,-,+,DUPLICATION,PE:4,SR:0,BRSK1,BRSK1
chr9:139997725;chr9:139998090,4.11433e-12,-,+,DUPLICATION,PE:4,SR:0,MAN1B1,MAN1B1
chr11:1092831;chr11:1093603,4.26749e-12,-,+,DUPLICATION,PE:4,SR:0,MUC2,MUC2
chr11:1016583;chr11:1017018,4.39526e-12,-,+,DUPLICATION,PE:4,SR:0,MUC6,MUC6
chr6:160639984;chr6:160640134,4.14353e-12,-,+,DUPLICATION,PE:4,SR:0,SLC22A2,SLC22A2
chr10:5202141;chr10:5324899,2.38995e-14,-,+,DUPLICATION,PE:5,SR:0,AKR1CL1,AKR1C7P
chrY:13478057;chrY:13488928,0.011236,-,+,DUPLICATION,PE:5,SR:0,DUX4L18,DUX4L19
chr14:105628799;chr14:105629019,2.62966e-14,-,+,DUPLICATION,PE:5,SR:0,RP11-44N21.4,RP11-44N21.4
chr8:22886274;chr8:23058355,2.69353e-14,-,+,DUPLICATION,PE:5,SR:0,TNFRSF10B,TNFRSF10A
chr14:22315404;chr14:22363085,2.67503e-14,-,+,DUPLICATION,PE:5,SR:0,TRAV8-2,TRAV8-4
chr7:38282130;chr7:38284835,2.55662e-14,-,+,DUPLICATION,PE:5,SR:0,TRGC2,TRGC2
chr8:144696486;chr8:144850280,1.60669e-14,-,+,DUPLICATION,PE:5,SR:0,TSTA3,RP11-429J17.7
chr14:107087398;chr14:107099205,1.82856e-16,-,+,DUPLICATION,PE:6,SR:0,IGHV3-60,IGHV3-62
chr22:22707456;chr22:22730542,1.69423e-16,-,+,DUPLICATION,PE:6,SR:0,IGLV5-48,IGLV5-45
chr7:100677253;chr7:100679650,1.25961e-17,-,+,DUPLICATION,PE:6,SR:0,MUC17,MUC17
chr12:25956216;chr12:104359767,1.42317e-16,-,+,DUPLICATION,PE:6,SR:0,RP11-443N24.2,TDG
chr11:1016583;chr11:1017840,3.20574e-184,-,+,DUPLICATION,PE:79,SR:0,MUC6,MUC6
chr7:100677438;chr7:100678073,1.08318e-18,-,+,DUPLICATION,PE:7,SR:0,MUC17,MUC17
chr7:100550674;chr7:100551207,4.41179e-19,-,+,DUPLICATION,PE:7,SR:0,MUC3A,MUC3A
chr11:124110276;chr11:124121286,1.06485e-18,-,+,DUPLICATION,PE:7,SR:0,OR8G7P,OR8G1
chr8:58116357;chr8:58123051,1.08952e-18,-,+,DUPLICATION,PE:7,SR:0,RP11-513O17.2,RP11-513O17.2
chr1:206628149;chr1:206989164,1.03532e-20,-,+,DUPLICATION,PE:7,SR:1,SRGAP2,IL19
chr15:23685018;chr15:23686020,6.83781e-21,-,+,DUPLICATION,PE:8,SR:0,GOLGA6L2,GOLGA6L2
chr14:106691714;chr14:107183364,1.15885e-21,-,+,DUPLICATION,PE:8,SR:0,IGHV3-21,IGHV3-71
chr1:12855705;chr1:12921165,4.44778e-23,-,+,DUPLICATION,PE:9,SR:0,PRAMEF1,PRAMEF2
chr19:43422021;chr19:43690635,4.43031e-23,-,+,DUPLICATION,PE:9,SR:0,PSG6,PSG5
chr15:23685464;chr15:23686119,1.60655e-28,-,+,DUPLICATION,PE:9,SR:18,GOLGA6L2,GOLGA6L2
chr2:85629216;chr2:85833126,1.04384e-23,-,+,DUPLICATION,PE:9,SR:3,CAPG,USP39
chr1:214656707;chr5:115177755,3.59382e-27,+,+,INTERCHROM,PE:11,SR:0,RP11-365D23.4,AP3S1
chr3:155027251;chr8:101730117,4.95103e-30,-,+,INTERCHROM,PE:12,SR:0,PABPC1P10,PABPC1
chr6:43655533;chr9:33130548,3.9631e-42,+,-,INTERCHROM,PE:18,SR:2,MRPS18A,B4GALT1
chr14:64066367;chr18:13152465,4.94904e-45,-,+,INTERCHROM,PE:19,SR:0,WDR89,RP11-807E13.2
chr2:27812240;chr19:18277934,6.0318e-46,-,-,INTERCHROM,PE:19,SR:5,ZNF512,PIK3R2
chr1:167867563;chr20:61455760,7.15926e-07,+,-,INTERCHROM,PE:2,SR:2,ADCY10,COL9A3
chr6:99994309;chr22:24142309,7.15926e-07,+,-,INTERCHROM,PE:2,SR:2,CCNC,SMARCB1
chr2:42586957;chr3:181430574,7.15926e-07,+,+,INTERCHROM,PE:2,SR:2,COX7A2L,SOX2-OT
chr13:37678622;chr17:33504742,7.15926e-07,+,+,INTERCHROM,PE:2,SR:2,CSNK1A1L,UNC45B
chr11:90375129;chr12:102872159,7.16002e-07,-,-,INTERCHROM,PE:2,SR:2,DISC1FP1,IGF1
chr5:176831744;chr8:139905123,2.6372e-07,-,-,INTERCHROM,PE:2,SR:2,GRK6,COL22A1
chr5:45408851;chr9:139562999,7.16002e-07,-,-,INTERCHROM,PE:2,SR:2,HCN1,EGFL7
chr4:123113410;chr20:60067287,1.40757e-07,-,+,INTERCHROM,PE:2,SR:2,KIAA1109,CDH4
chr4:4353949;chr17:38279186,7.15926e-07,+,-,INTERCHROM,PE:2,SR:2,NSG1,MSL1
chr12:118461272;chr20:60340648,6.17317e-07,-,+,INTERCHROM,PE:2,SR:2,RFC5,CDH4
chr11:18037144;chr17:59556154,7.16002e-07,-,+,INTERCHROM,PE:2,SR:2,RP1-59M18.2,TBX4
chr1:39352745;chr3:165548323,4.14735e-07,-,+,INTERCHROM,PE:2,SR:2,RP5-864K19.4,BCHE
chr6:155299345;chr14:104206330,7.16002e-07,-,-,INTERCHROM,PE:2,SR:2,TIAM2,PPP1R13B
chr6:116774422;chr7:26248128,0.00249377,+,+,INTERCHROM,PE:3,SR:0,CBX3P9,CBX3
chr5:110284759;chr6:136594327,6.73486e-10,-,+,INTERCHROM,PE:3,SR:0,CTD-2089O24.1,BCLAF1
chr2:231802159;chr10:109799770,1.26239e-09,+,+,INTERCHROM,PE:3,SR:0,GPR55,RP11-215N21.1
chr4:88815187;chr6:44221378,6.72998e-10,-,+,INTERCHROM,PE:3,SR:0,HSP90AB3P,HSP90AB1
chr14:106478413;chr15:22473157,6.56778e-10,-,+,INTERCHROM,PE:3,SR:0,IGHV4-4,IGHV4OR15-8
chr2:87141597;chrX:148713367,1.33006e-09,+,+,INTERCHROM,PE:3,SR:0,RGPD1,TMEM185A
chr4:39975010;chr8:101718962,1.32815e-09,+,-,INTERCHROM,PE:3,SR:0,RP11-333E13.2,PABPC1
chr3:137254620;chr11:47640420,6.63336e-10,-,+,INTERCHROM,PE:3,SR:0,RP11-575C1.1,MTCH2
chr3:137254623;chr11:47644330,6.6445e-10,-,+,INTERCHROM,PE:3,SR:0,RP11-575C1.1,MTCH2
chr14:106636834;chr15:20173252,6.02425e-10,-,+,INTERCHROM,PE:3,SR:0,SLC20A1P2,SLC20A1P3
chr4:1166640;chr17:74921335,4.61044e-12,-,+,INTERCHROM,PE:3,SR:7,SPON2,MGAT5B
chr7:137607253;chr11:13305674,2.24555e-12,-,-,INTERCHROM,PE:4,SR:0,CREB3L2,ARNTL
chr5:110284847;chr6:136597041,1.30675e-11,+,-,INTERCHROM,PE:4,SR:0,CTD-2089O24.1,BCLAF1
chr8:101717890;chr13:25671804,8.34099e-12,+,+,INTERCHROM,PE:4,SR:0,PABPC1,PABPC3
chr8:101719199;chr13:25671804,0.0035461,+,+,INTERCHROM,PE:4,SR:0,PABPC1,PABPC3
chr3:196530007;chr15:21937699,9.33744e-12,+,+,INTERCHROM,PE:4,SR:0,PAK2,RP11-32B5.1
chr3:41332961;chr14:77644694,0.00249377,-,-,INTERCHROM,PE:4,SR:0,ULK4,TMEM63C
chr1:145139517;chr12:93772100,0.0026455,+,+,INTERCHROM,PE:5,SR:0,NUDT4P1,NUDT4
chr16:33965614;chrY:10037906,1.51534e-14,-,+,INTERCHROM,PE:5,SR:0,RNA5-8SP2,RNA5-8SP6
chr5:61751492;chr15:72491831,2.63839e-13,+,+,INTERCHROM,PE:5,SR:1,KIF2A,PKM
chr5:110284210;chr6:136582614,1.71033e-16,-,+,INTERCHROM,PE:6,SR:0,CTD-2089O24.1,BCLAF1
chr5:110284556;chr6:136594223,inf,+,-,INTERCHROM,PE:6,SR:0,CTD-2089O24.1,BCLAF1
chr11:90000535;chr17:15492580,1.82522e-16,-,+,INTERCHROM,PE:6,SR:0,DISC1FP1,RP11-385D13.1
chr9:68429242;chr20:29632615,3.41785e-16,-,-,INTERCHROM,PE:6,SR:0,RP11-764K9.4,FRG1B
chr4:3211648;chr7:106780893,4.63454e-16,-,+,INTERCHROM,PE:6,SR:1,HTT,PRKAR2B
chr2:10139065;chr13:86063062,0.0025,-,-,INTERCHROM,PE:7,SR:0,GRHL1,LINC00351
chr10:27620386;chr18:14763944,0.00243902,-,-,INTERCHROM,PE:7,SR:0,RP11-748L13.2,ANKRD30B
chr1:809650;chr12:38597392,1.08007e-18,-,+,INTERCHROM,PE:7,SR:0,TUBB8P11,TUBB8P5
chr1:6037940;chr12:108862491,6.16703e-21,-,+,INTERCHROM,PE:8,SR:0,NPHP4,RP11-13G14.4
chr3:196529925;chr15:21937779,6.82648e-21,-,-,INTERCHROM,PE:8,SR:0,PAK2,RP11-32B5.1
chr7:142470685;chr9:33797977,6.81634e-21,+,-,INTERCHROM,PE:8,SR:0,PRSS3P1,RP11-133O22.6
chr19:14508863;chr19:14876356,0.00269542,-,-,INVERSION,PE:11,SR:0,CD97,EMR2
chr2:79253915;chr2:79385784,0.00263158,+,+,INVERSION,PE:11,SR:0,REG3G,REG3A
chrX:142803654;chrX:144329234,0.00275482,-,-,INVERSION,PE:11,SR:0,SPANXN2,SPANXN1
chr7:104745996;chr7:105089597,0.0033557,-,-,INVERSION,PE:17,SR:0,KMT2E,PUS7
chr20:32436427;chr20:32439743,3.00272e-47,+,+,INVERSION,PE:19,SR:5,CHMP4B,CHMP4B
chr20:62042480;chr20:62379199,1.59269e-51,+,+,INVERSION,PE:20,SR:8,KCNQ2,ZBTB46
chr10:29578212;chr10:30918436,0.0026455,-,-,INVERSION,PE:29,SR:0,LYZL1,LYZL2
chr12:3525185;chr12:52702565,7.15926e-07,+,+,INVERSION,PE:2,SR:2,PRMT8,KRT86
chr8:54870263;chr8:54870839,7.16002e-07,-,-,INVERSION,PE:2,SR:2,RGS20,RGS20
chr19:46262443;chr19:46271682,0.047619,+,+,INVERSION,PE:33,SR:3,AC074212.3,SIX5
chr22:36597697;chr22:36651358,0.00278552,-,-,INVERSION,PE:36,SR:0,APOL4,APOL1
chr1:16459169;chr1:16779408,0.00454545,+,+,INVERSION,PE:3,SR:0,EPHA2,NECAP2
chrX:51075772;chrX:51239543,6.61209e-10,-,-,INVERSION,PE:3,SR:0,NUDT10,NUDT11
chr13:19961830;chr13:25016208,0.00381679,-,-,INVERSION,PE:3,SR:0,PARP4P2,TPTE2P6
chr1:237566102;chr1:237566204,0.0476191,-,-,INVERSION,PE:3,SR:2,RYR2,RYR2
chr12:104359629;chr12:125801147,1.8236e-09,-,-,INVERSION,PE:3,SR:3,TDG,TMEM132B
chr11:99690482;chr11:99691306,0.00325733,+,+,INVERSION,PE:46,SR:0,CNTN5,CNTN5
chr19:41397916;chr19:41567562,8.33851e-12,-,-,INVERSION,PE:4,SR:0,CYP2G1P,CYP2G2P
chr15:28391570;chr15:31125049,4.45253e-12,-,-,INVERSION,PE:4,SR:0,HERC2,HERC2P10
chr22:24311733;chr22:24313897,0.00315457,+,+,INVERSION,PE:4,SR:0,KB-226F1.2,DDTL
chr10:27620408;chr10:45652347,0.00255754,-,-,INVERSION,PE:4,SR:0,RP11-748L13.2,RP11-445N18.7
chr14:93926280;chr14:93926447,4.43882e-12,-,-,INVERSION,PE:4,SR:0,UNC79,UNC79
chr19:19905915;chr19:20989988,1.00039e-11,+,+,INVERSION,PE:4,SR:0,ZNF506,ZNF66
chr8:143855579;chr8:143856970,2.86325e-117,-,-,INVERSION,PE:50,SR:6,LYNX1,LYNX1
chr11:71279873;chr11:71290886,3.03267e-14,-,-,INVERSION,PE:5,SR:0,KRTAP5-10,KRTAP5-14P
chr6:167411214;chr6:167411369,2.5554e-14,-,-,INVERSION,PE:5,SR:0,RP1-167A14.2,RP1-167A14.2
chr9:90534024;chr9:90748615,0.00251256,+,+,INVERSION,PE:5,SR:0,SPATA31C1,SPATA31C2
chr13:25169986;chr13:25527400,5.79897e-14,+,+,INVERSION,PE:5,SR:0,TPTE2P6,TPTE2P1
chr12:6191801;chr12:12318204,7.58386e-14,+,+,INVERSION,PE:5,SR:0,VWF,LRP6
chr19:53786088;chr19:53804062,0.00320513,-,-,INVERSION,PE:65,SR:0,FAM90A27P,FAM90A28P
chr19:41386432;chr19:41595998,0.00243902,+,+,INVERSION,PE:6,SR:0,CYP2A7,CYP2A13
chrX:23749187;chrX:23751468,0.047619,+,+,INVERSION,PE:72,SR:16,ACOT9,ACOT9
chr19:36693786;chr19:58850398,2.27429e-175,-,-,INVERSION,PE:74,SR:8,ZNF565,ZSCAN22
chr2:85543768;chr2:85570277,2.07533e-18,-,-,INVERSION,PE:7,SR:0,AC093162.5,RETSAT
chrX:48104630;chrX:48305972,0.0026178,-,-,INVERSION,PE:7,SR:0,RP11-552E4.5,AF196972.4
chr2:79254084;chr2:79385681,0.00253807,-,-,INVERSION,PE:8,SR:0,REG3G,REG3A
chr5:115346717;chr5:115351065,7.6325e-21,+,+,INVERSION,PE:8,SR:1,AQPEP,AQPEP
chrX:48104335;chrX:48306077,0.00262467,+,+,INVERSION,PE:9,SR:0,RP11-552E4.5,AF196972.4
chr20:1592326;chr20:1895804,4.93389e-23,+,+,INVERSION,PE:9,SR:0,SIRPB1,SIRPA
chr19:20807633;chr19:20989952,1.20545e-22,+,+,INVERSION,PE:9,SR:0,ZNF626,ZNF66
