Breakpoints,probability,stand_left_breakpoint,strand_right_breakpoint,SV_type,Paired_Reads,Splitted_Reads,Left_gene(:DE),Right_gene (:DE)
chr6:136597547;chr6:136598999,0.0025641,+,-,DELETION,PE:11,SR:0,BCLAF1:DE,BCLAF1:DE
chr17:39673419;chr17:39674581,1.68E-39,+,-,DELETION,PE:13,SR:5,KRT15:DE,KRT15:DE
chr14:105411851;chr14:105412433,0.00240385,+,-,DELETION,PE:15,SR:0,AHNAK2:DE,AHNAK2:DE
chr14:105417223;chr14:105418196,2.56E-39,+,-,DELETION,PE:16,SR:0,AHNAK2:DE,AHNAK2:DE
chr22:37905708;chr22:37906220,7.73E-40,+,-,DELETION,PE:16,SR:0,CARD10:DE,CARD10:DE
chr15:93515798;chr15:93516100,2.38E-47,+,-,DELETION,PE:16,SR:6,CHD2:DE,CHD2:DE
chr17:39670373;chr17:39671722,6.60E-63,+,-,DELETION,PE:27,SR:0,KRT15:DE,KRT15:DE
chr9:115937097;chr9:115937379,1.83E-07,+,-,DELETION,PE:2,SR:2,FKBP15:DE,FKBP15:DE
chr7:134605009;chr7:134605096,1.76E-07,+,-,DELETION,PE:2,SR:3,CALD1:DE,CALD1:DE
chr3:48621733;chr3:48696357,3.90E-84,+,-,DELETION,PE:35,SR:6,COL7A1:DE,CELSR3
chr17:39672519;chr17:39673058,1.52E-97,+,-,DELETION,PE:36,SR:5,KRT15:DE,KRT15:DE
chr6:136582614;chr6:136590596,4.26E-10,+,-,DELETION,PE:3,SR:0,BCLAF1:DE,BCLAF1:DE
chr6:136599886;chr6:136600898,0.00255826,+,-,DELETION,PE:3,SR:0,BCLAF1:DE,BCLAF1:DE
chr6:136599909;chr6:136603749,0.002457,+,-,DELETION,PE:3,SR:0,BCLAF1:DE,BCLAF1:DE
chr19:55604674;chr19:55605651,0.00286533,+,-,DELETION,PE:3,SR:0,PPP1R12C:DE,PPP1R12C:DE
chr12:104378697;chr12:104380727,0.00241546,+,-,DELETION,PE:3,SR:0,TDG:DE,TDG:DE
chr14:105415202;chr14:105415745,0.00458716,+,-,DELETION,PE:46,SR:0,AHNAK2:DE,AHNAK2:DE
chr6:136582615;chr6:136589299,3.44E-113,+,-,DELETION,PE:47,SR:11,BCLAF1:DE,BCLAF1:DE
chr6:136590732;chr6:136593136,0.00232558,+,-,DELETION,PE:4,SR:0,BCLAF1:DE,BCLAF1:DE
chr6:136593218;chr6:136596673,2.15E-12,+,-,DELETION,PE:4,SR:0,BCLAF1:DE,BCLAF1:DE
chr15:101051714;chr15:101052269,2.32E-12,+,-,DELETION,PE:4,SR:0,CERS3:DE,CERS3:DE
chr14:106926382;chr14:107114035,0.00240964,+,-,DELETION,PE:4,SR:0,IGHV3-43:DE,IGHV3-64
chr16:70553024;chr16:70553329,2.96E-12,+,-,DELETION,PE:4,SR:4,COG4:DE,COG4:DE
chr14:105415544;chr14:105418537,1.31E-14,+,-,DELETION,PE:5,SR:0,AHNAK2:DE,AHNAK2:DE
chr6:136589460;chr6:136590626,1.23E-14,+,-,DELETION,PE:5,SR:0,BCLAF1:DE,BCLAF1:DE
chr2:202146658;chr2:202149440,1.55E-159,+,-,DELETION,PE:65,SR:19,CASP8:DE,CASP8:DE
chr6:136590748;chr6:136594218,0.00238095,+,-,DELETION,PE:6,SR:0,BCLAF1:DE,BCLAF1:DE
chr14:105410011;chr14:105410523,1.23E-18,+,-,DELETION,PE:7,SR:0,AHNAK2:DE,AHNAK2:DE
chr6:4050257;chr6:4050560,2.72E-20,+,-,DELETION,PE:7,SR:3,PRPF4B:DE,PRPF4B:DE
chr6:136594328;chr6:136596744,6.54E-21,+,-,DELETION,PE:8,SR:0,BCLAF1:DE,BCLAF1:DE
chr12:104378692;chr12:104379378,0.00273973,+,-,DELETION,PE:8,SR:0,TDG:DE,TDG:DE
chr14:105416666;chr14:105417652,7.68E-24,+,-,DELETION,PE:9,SR:0,AHNAK2:DE,AHNAK2:DE
chr14:105415114;chr14:105418463,3.88E-10,-,+,DUPLICATION,PE:3,SR:0,AHNAK2:DE,AHNAK2:DE
chr12:52844351;chr12:52885337,3.82E-19,-,+,DUPLICATION,PE:7,SR:0,KRT6B:DE,KRT6A
chr1:208224540;chr3:134034479,4.07E-08,-,-,INTERCHROM,PE:2,SR:2,PLXNA2:DE,RP11-200A1.1
chr6:66803878;chr13:45523973,4.58E-10,-,+,INTERCHROM,PE:3,SR:0,NUFIP1P,NUFIP1:DE
chr6:157720157;chr15:59500217,0.00235294,+,+,INTERCHROM,PE:4,SR:0,TMEM242,MYO1E:DE
chr5:110284746;chr6:136594326,1.24E-14,-,+,INTERCHROM,PE:5,SR:0,CTD-2089O24.1,BCLAF1:DE
chr5:110284851;chr6:136597007,inf,+,-,INTERCHROM,PE:5,SR:0,CTD-2089O24.1,BCLAF1:DE
chr5:110284208;chr6:136582614,3.73E-19,-,+,INTERCHROM,PE:7,SR:0,CTD-2089O24.1,BCLAF1:DE
chr2:189839145;chr14:31148644,1.29E-22,-,-,INTERCHROM,PE:8,SR:1,COL3A1:DE,SCFD1
chr22:36597707;chr22:36651358,0.00262467,-,-,INVERSION,PE:18,SR:0,APOL4,APOL1:DE
