Chromosome,SV_type,Left_gene,Right_gene,Time Point1,Time Point2,Time Point3
chr2;chr2,DELETION,SLC9A2,SLC9A2,R1504202612,R1504202613,R1504202614
chr5;chr6,INTERCHROM,CTD-2089O24.1,BCLAF1,R1504202612,R1504202613,R1504202614
chr11;chr11,DUPLICATION,OR8G7P,OR8G1,R1504202612,,
chr10;chr10,DELETION,WDFY4,WDFY4,R1504202612,,
chr1;chr19,INTERCHROM,RP11-343N15.1,CEP89,R1504202612,,
chr6;chr6,DELETION,ZDHHC14,ZDHHC14,R1504202613,,
chrY;chrY,DELETION,DUX4L17,DUX4L19,R1504202614,,
chr1;chr3,INTERCHROM,PLXNA2,RP11-200A1.1,R1504202614,,
chr17;chr17,DELETION,RPH3AL,RPH3AL,R1504202613,R1504202614,
chr19;chr19,DELETION,AP3D1,AP3D1,R1504202613,,
chr11;chr11,DELETION,OVCH2,OVCH2,R1504202612,R1504202613,R1504202614
chr1;chr1,INVERSION,GON4L,SIPA1L2,R1504202613,,
chr7;chr7,DELETION,PTPRN2,PTPRN2,R1504202613,,
chr2;chr2,INVERSION,AC007682.1,AC007682.1,R1504202613,,
chr1;chr1,DELETION,OR2L1P,OR2L13,R1504202613,R1504202614,
chr14;chr14,DUPLICATION,IGHV1-3,IGHV7-27,R1504202612,R1504202613,R1504202614
chr9;chr9,INVERSION,SPATA31C1,SPATA31C2,R1504202612,,
chr14;chr14,DELETION,AHNAK2,AHNAK2,R1504202612,R1504202613,R1504202614
chr1;chr1,DUPLICATION,GBP7,GBP4,R1504202613,,
chr17;chr17,INVERSION,RP1-37N7.1,EVPL,R1504202614,,
chr7;chr7,DUPLICATION,MUC3A,MUC3A,R1504202612,R1504202613,R1504202614
chr4;chr4,DELETION,SORCS2,SORCS2,R1504202614,,
chr19;chr19,DELETION,LILRB1,LILRP2,R1504202612,,
chr8;chr13,INTERCHROM,PABPC1,PABPC3,R1504202614,,
chr5;chr5,DELETION,AP3S1,AP3S1,R1504202613,,
chr10;chr10,INVERSION,LYZL1,LYZL2,R1504202613,R1504202614,
chr3;chr3,DELETION,COL7A1,CELSR3,R1504202614,,
chr7;chr7,DELETION,SP8,SP8,R1504202613,,
chr3;chr3,DELETION,ARHGEF26,ARHGEF26,R1504202614,,
chr9;chr9,DUPLICATION,C9orf9,C9orf9,R1504202612,,
chr7;chr7,INVERSION,TRBV7-1,TRBV7-8,R1504202613,,
chr7;chr7,DELETION,TRGJ2,TRGV8,R1504202612,,
chr11;chr11,DUPLICATION,MUC6,MUC6,R1504202612,R1504202613,R1504202614
chr4;chr4,DUPLICATION,ZNF595,ZNF141,R1504202612,R1504202613,R1504202614
chr9;chr9,DELETION,MAN1B1,MAN1B1,R1504202612,R1504202613,R1504202614
chr14;chr14,DELETION,IGHV1-3,IGHV7-27,R1504202614,,
chr14;chr14,DUPLICATION,TRAV8-2,TRAV8-4,R1504202612,R1504202613,R1504202614
chr16;chr16,DELETION,ABCA3,ABCA3,R1504202612,R1504202613,R1504202614
chr7;chr7,DELETION,CBX3,CBX3,R1504202613,R1504202614,
chr22;chr22,INVERSION,KB-226F1.2,DDTL,R1504202613,R1504202614,
chr19;chr19,DELETION,MEF2BNB-MEF2B,MEF2BNB-MEF2B,R1504202612,,
chr1;chr5,INTERCHROM,RP11-365D23.4,AP3S1,R1504202613,R1504202614,
chrX;chrX,INVERSION,RP11-552E4.5,AF196972.4,R1504202612,,
chr19;chr19,DELETION,HSD17B14,HSD17B14,R1504202612,R1504202613,R1504202614
chr2;chr2,DELETION,MLPH,MLPH,R1504202613,,
chr13;chr13,INVERSION,TPTE2P6,TPTE2P1,R1504202613,R1504202614,
chr2;chr17,INTERCHROM,ALLC,MGAT5B,R1504202612,,
chr2;chr2,DELETION,CASP8,CASP8,R1504202612,R1504202613,R1504202614
chr15;chr15,DELETION,PKM,PKM,R1504202614,,
chr18;chr18,DELETION,RAB31,RAB31,R1504202612,R1504202614,
chr19;chr19,DUPLICATION,ZNF761,ZNF813,R1504202613,,
chr11;chr11,DELETION,MTCH2,MTCH2,R1504202612,R1504202613,R1504202614
chr3;chr15,INTERCHROM,PAK2,RP11-32B5.1,R1504202613,R1504202614,
chr5;chr5,DUPLICATION,PCDHB8,PCDHB13,R1504202613,R1504202614,
chr12;chr12,DELETION,RP11-642P15.1,RP11-642P15.1,R1504202614,,
chr16;chr16,INVERSION,CES1P1,CES1,R1504202612,R1504202613,R1504202614
chr10;chr10,DELETION,AKR1CL1,AKR1C7P,R1504202612,R1504202613,
chr1;chr1,DUPLICATION,FLG-AS1,FLG-AS1,R1504202612,R1504202613,R1504202614
chr7;chr10,INTERCHROM,VIPR2,PRTFDC1,R1504202613,,
chr9;chr11,INTERCHROM,LMX1B,PCNXL3,R1504202614,,
chr7;chr7,DUPLICATION,TRBV6-7,TRBV6-5,R1504202613,R1504202614,
chr4;chr4,DELETION,HPSE,HPSE,R1504202613,R1504202614,
chr1;chr1,DELETION,CCDC30,CCDC30,R1504202612,,
chr1;chr6,INTERCHROM,CMPK1,CLIC5,R1504202613,,
chr7;chr11,INTERCHROM,CREB3L2,ARNTL,R1504202612,R1504202614,
chr2;chr2,INVERSION,REG3G,REG3A,R1504202613,R1504202614,
chr19;chr19,DUPLICATION,ZNF880,ZNF534,R1504202612,,
chr13;chr13,INVERSION,C1QTNF9B-AS1,RP11-307N16.6,R1504202612,,
chr2;chr2,DELETION,ACSL3,ACSL3,R1504202612,R1504202613,R1504202614
chr19;chr19,DELETION,PPP1R12C,PPP1R12C,R1504202612,R1504202613,R1504202614
chr4;chr4,DELETION,OR7E162P,OR7E43P,R1504202612,,
chr7;chr7,DELETION,TRBV7-8,TRBV7-3,R1504202612,R1504202613,R1504202614
chr11;chr11,INVERSION,SHANK2,SHANK2,R1504202614,,
chr8;chr8,DELETION,RP11-513O17.2,RP11-513O17.2,R1504202613,R1504202614,
chr11;chr11,DELETION,OR8G1,OR8G5,R1504202612,,
chr1;chr1,DELETION,RP11-31F15.2,RP11-31F15.2,R1504202613,,
chr14;chr14,DUPLICATION,RP11-44N21.4,RP11-44N21.4,R1504202614,,
chrY;chrY,DELETION,DUX4L16,DUX4L19,R1504202613,R1504202614,
chr15;chr15,DELETION,GOLGA6L2,GOLGA6L2,R1504202614,,
chr6;chr9,INTERCHROM,MRPS18A,B4GALT1,R1504202613,,
chr1;chr1,DELETION,GBP7,GBP4,R1504202613,,
chr2;chr2,DELETION,ACTG2,ACTG2,R1504202612,R1504202613,
chr14;chr14,DELETION,IGHV7-27,IGHV7-81,R1504202614,,
chr1;chr1,DELETION,IQGAP3,IQGAP3,R1504202612,R1504202613,R1504202614
chr19;chr19,DELETION,DMPK,DMPK,R1504202612,R1504202613,
chr7;chr7,DUPLICATION,TRGC2,TRGC2,R1504202612,R1504202614,
chr1;chr1,DELETION,ATP2B4,ATP2B4,R1504202613,R1504202614,
chr15;chr15,DELETION,CHD2,CHD2,R1504202612,R1504202613,R1504202614
chr1;chr1,DELETION,RP4-694A7.2,RP4-694A7.2,R1504202614,,
chr3;chr3,DELETION,CCDC66,CCDC66,R1504202613,,
chr19;chr19,DELETION,SBK2,SBK2,R1504202613,,
chr5;chr5,DELETION,PCDHB16,PCDHB10,R1504202612,R1504202613,R1504202614
chr21;chr21,DELETION,TPTE,TPTE,R1504202613,R1504202614,
chr5;chr5,DELETION,DNAH5,DNAH5,R1504202612,R1504202613,R1504202614
chr14;chr14,DELETION,TMEM251,TMEM251,R1504202612,,
chr14;chr15,INTERCHROM,SLC20A1P2,SLC20A1P3,R1504202612,R1504202613,R1504202614
chr11;chr11,DELETION,MUC6,MUC6,R1504202612,R1504202613,R1504202614
chr1;chr1,DELETION,MMEL1,MMEL1,R1504202614,,
chr17;chr17,DELETION,NT5M,NT5M,R1504202614,,
chr14;chr14,DELETION,ESRRB,ESRRB,R1504202613,,
chr19;chr19,DUPLICATION,PSG6,PSG5,R1504202613,,
chr17;chr17,INVERSION,KRTAP4-7,KRTAP4-6,R1504202612,R1504202613,R1504202614
chr4;chr8,INTERCHROM,RP11-333E13.2,PABPC1,R1504202612,R1504202613,R1504202614
chr1;chr2,INTERCHROM,RP4-592A1.2,KRT18P52,R1504202612,,
chr9;chr9,DUPLICATION,MAN1B1,MAN1B1,R1504202612,R1504202613,R1504202614
chr7;chr7,DELETION,CALD1,CALD1,R1504202614,,
chr22;chr22,DUPLICATION,IGLV3-25,IGLV3-16,R1504202612,,
chr14;chr14,DUPLICATION,AHNAK2,AHNAK2,R1504202612,R1504202614,
chr22;chr22,DELETION,CCDC117,CCDC117,R1504202612,R1504202613,
chr1;chr1,DUPLICATION,HSD3B1,HSD3BP4,R1504202613,R1504202614,
chr5;chr5,DELETION,RP11-53O19.1,RP11-53O19.1,R1504202613,,
chr4;chr12,INTERCHROM,RP11-290F5.2,LRP6,R1504202613,,
chr15;chr15,DELETION,CTD-2116N17.1,CTD-2116N17.1,R1504202614,,
chr10;chr10,DUPLICATION,DMBT1,DMBT1,R1504202612,,
chr3;chr3,DELETION,RP11-340E6.1,RP11-340E6.1,R1504202614,,
chr1;chr1,DUPLICATION,OR2L13,OR2L13,R1504202613,R1504202614,
chr17;chr17,DELETION,DOC2B,DOC2B,R1504202612,,
chr11;chr11,INVERSION,KRTAP5-10,KRTAP5-14P,R1504202613,R1504202614,
chr2;chr2,INVERSION,AC093162.5,RETSAT,R1504202612,R1504202613,R1504202614
chr17;chr17,DUPLICATION,KRTAP4-8,KRTAP4-11,R1504202614,,
chr7;chr7,DELETION,RP11-274B21.5,RP11-274B21.5,R1504202614,,
chr10;chr10,DELETION,LRRC27,LRRC27,R1504202614,,
chr9;chr9,INVERSION,LCN1P1,LCN1P2,R1504202613,,
chr19;chr19,DELETION,ZNF493,ZNF493,R1504202612,,
chr4;chr4,DELETION,ARHGAP24,ARHGAP24,R1504202613,,
chr8;chr8,DUPLICATION,RP11-513O17.2,RP11-513O17.2,R1504202612,R1504202613,R1504202614
chr7;chr7,DELETION,DAGLB,DAGLB,R1504202613,,
chr16;chr16,DELETION,COG4,COG4,R1504202612,R1504202613,R1504202614
chr14;chr14,INVERSION,SPTB,SPTB,R1504202614,,
chr16;chr16,DUPLICATION,TXNL4B,TXNL4B,R1504202613,R1504202614,
chr11;chr11,INVERSION,KRTAP5-4,KRTAP5-8,R1504202614,,
chr9;chr9,INVERSION,PRSS3P4,RP11-133O22.6,R1504202613,R1504202614,
chr15;chr15,INVERSION,HERC2,HERC2P10,R1504202612,R1504202613,
chr1;chr1,DELETION,NME7,NME7,R1504202612,R1504202613,R1504202614
chr6;chr6,DUPLICATION,SOD2,SOD2,R1504202613,,
chr4;chr4,DELETION,ABLIM2,ABLIM2,R1504202612,R1504202613,R1504202614
chr11;chr11,DUPLICATION,MUC5AC,MUC5AC,R1504202612,R1504202613,R1504202614
chr6;chr6,DELETION,RP1-167F1.2,RP1-167F1.2,R1504202614,,
chr1;chr12,INTERCHROM,NPHP4,RP11-13G14.4,R1504202612,R1504202613,
chr22;chr22,DELETION,IGLV5-48,IGLV5-37,R1504202613,R1504202614,
chr9;chr9,DELETION,RP11-188C12.3,RP11-188C12.3,R1504202612,R1504202613,R1504202614
chr8;chr8,DELETION,AGPAT5,AGPAT5,R1504202612,R1504202613,R1504202614
chr6;chr6,DELETION,PRPF4B,PRPF4B,R1504202612,R1504202613,R1504202614
chr16;chr16,DELETION,UNKL,UNKL,R1504202612,,
chr1;chr1,DELETION,HORMAD1,HORMAD1,R1504202612,R1504202613,R1504202614
chr7;chr7,DELETION,MUC3A,MUC3A,R1504202612,R1504202613,R1504202614
chr13;chr13,DELETION,CAB39L,CAB39L,R1504202612,,
chr22;chr22,INVERSION,APOL4,APOL1,R1504202612,R1504202613,R1504202614
chr19;chr19,DELETION,PLIN4,PLIN4,R1504202612,R1504202613,R1504202614
chr6;chr6,DELETION,MAPK14,MAPK14,R1504202613,,
chr19;chr19,DELETION,RPS9,RPS9,R1504202612,R1504202613,R1504202614
chr15;chr15,DELETION,SNORD116-20,SNORD116-20,R1504202613,R1504202614,
chr1;chr1,DELETION,ELTD1,ELTD1,R1504202612,R1504202613,R1504202614
chrY;chrY,DELETION,DUX4L16,DUX4L18,R1504202613,R1504202614,
chr19;chr19,INVERSION,FAM90A27P,FAM90A28P,R1504202612,,
chr12;chr12,INVERSION,TDG,TMEM132B,R1504202613,,
chr11;chr11,DUPLICATION,BET1L,BET1L,R1504202614,,
chr14;chr14,DUPLICATION,IGHV3-13,IGHV3-38,R1504202613,R1504202614,
chr1;chr1,DELETION,PDE4DIP,PDE4DIP,R1504202612,R1504202613,R1504202614
chr13;chr13,DELETION,TUBA3C,TUBA3C,R1504202613,R1504202614,
chr5;chr5,DELETION,SLC9A3,SLC9A3,R1504202612,R1504202613,R1504202614
chr22;chr22,DUPLICATION,SMC1B,SMC1B,R1504202612,R1504202613,R1504202614
chr1;chr12,INTERCHROM,NUDT4P1,NUDT4,R1504202612,R1504202614,
chr6;chr6,DELETION,BCLAF1,BCLAF1,R1504202612,R1504202613,R1504202614
chr22;chr22,DELETION,CARD10,CARD10,R1504202613,R1504202614,
chr11;chr11,DELETION,OR4C4P,OR4C4P,R1504202612,R1504202613,R1504202614
chr1;chr1,DELETION,DEPDC1,RP4-694A7.4,R1504202614,,
chr3;chr17,INTERCHROM,CNTN3,STXBP4,R1504202614,,
chr7;chr7,DUPLICATION,PRSS1,PRSS3P2,R1504202612,,
chr14;chr14,DELETION,IGHV3-60,IGHV3-62,R1504202612,R1504202613,R1504202614
chr4;chr17,INTERCHROM,SPON2,MGAT5B,R1504202612,,
chr17;chr17,DUPLICATION,KRT37,KRT38,R1504202612,R1504202613,R1504202614
chr15;chr15,DELETION,LINGO1,LINGO1,R1504202614,,
chr15;chr15,DELETION,DUOX2,DUOX1,R1504202614,,
chr4;chr4,DUPLICATION,CRIPAK,CRIPAK,R1504202612,R1504202613,R1504202614
chr11;chr11,DUPLICATION,DDB1,CPSF7,R1504202614,,
chr20;chr20,DELETION,SNHG17,SNHG17,R1504202613,R1504202614,
chrX;chrY,INTERCHROM,ARSD,GYG2P1,R1504202613,,
chr15;chr15,DUPLICATION,GOLGA6L2,GOLGA6L2,R1504202612,R1504202613,R1504202614
chr10;chr10,DELETION,TUBGCP2,TUBGCP2,R1504202612,R1504202613,R1504202614
chr6;chr6,DELETION,MTHFD1L,MTHFD1L,R1504202613,,
chr22;chr22,DUPLICATION,CRYBB2,CRYBB2P1,R1504202612,,
chr1;chr1,DUPLICATION,OR2L6P,OR2L3,R1504202613,,
chr13;chr13,INVERSION,PARP4P2,TPTE2P6,R1504202613,,
chr4;chr4,DELETION,NSUN7,APBB2,R1504202614,,
chr19;chr19,DELETION,ZNF99,ZNF99,R1504202612,,
chr1;chr1,DELETION,CLCNKB,FAM131C,R1504202612,R1504202613,R1504202614
chr7;chr7,DELETION,TRBV6-7,TRBV6-5,R1504202612,R1504202613,R1504202614
chr20;chr20,DELETION,HELZ2,HELZ2,R1504202612,,
chr8;chr8,DELETION,NKAIN3,NKAIN3,R1504202614,,
chr17;chr17,DELETION,KRT37,KRT38,R1504202612,R1504202613,R1504202614
chr7;chr11,INTERCHROM,SRCRB4D,RP11-867G2.8,R1504202613,,
chr14;chr14,DUPLICATION,IGHA2,IGHA1,R1504202614,,
chr12;chr12,DUPLICATION,KRT6B,KRT6A,R1504202612,R1504202613,R1504202614
chr10;chr18,INTERCHROM,RP11-748L13.2,ANKRD30B,R1504202613,,
chr6;chr7,INTERCHROM,CBX3P9,CBX3,R1504202613,R1504202614,
chr7;chr7,DUPLICATION,MGAM,MGAM,R1504202612,,
chr9;chr9,DELETION,RP11-154D17.1,RP11-154D17.1,R1504202613,,
chr22;chr22,DELETION,FAM118A,FAM118A,R1504202613,R1504202614,
chr6;chr6,DELETION,SOD2,SOD2,R1504202612,,
chr9;chr20,INTERCHROM,RP11-764K9.4,FRG1B,R1504202612,R1504202613,R1504202614
chr1;chr1,DELETION,FLG-AS1,FLG-AS1,R1504202614,,
chr17;chr17,DELETION,KCNJ12,KCNJ12,R1504202613,,
chr12;chr12,DELETION,GOLGA3,GOLGA3,R1504202612,,
chr3;chr3,DELETION,MUC4,MUC4,R1504202613,,
chr1;chr7,INTERCHROM,ATP6V0B,AC024084.1,R1504202613,,
chr8;chr8,DELETION,PABPC1,PABPC1,R1504202612,R1504202613,R1504202614
chr1;chr1,DELETION,OR2L1P,OR2L2,R1504202613,R1504202614,
chr1;chr1,DELETION,RP1-117O3.2,RP1-117O3.2,R1504202612,R1504202613,R1504202614
chr6;chr13,INTERCHROM,NUFIP1P,NUFIP1,R1504202612,R1504202613,R1504202614
chr15;chr15,DELETION,ATP10A,ATP10A,R1504202613,,
chr19;chr19,DELETION,MUC16,MUC16,R1504202613,R1504202614,
chr12;chr12,DELETION,TDG,TDG,R1504202612,R1504202613,R1504202614
chr6;chr6,DELETION,HLA-DRB5,HLA-DRB1,R1504202612,,
chr20;chr20,INVERSION,SIRPB1,SIRPA,R1504202612,R1504202613,R1504202614
chr4;chr4,DUPLICATION,GYPE,RP11-673E1.4,R1504202613,R1504202614,
chr21;chr21,INVERSION,APP,APP,R1504202612,,
chr17;chr17,DELETION,KRTAP9-6,KRTAP9-7,R1504202612,,
chr11;chr11,DELETION,OR51A4,OR51A2,R1504202613,,
chr6;chr15,INTERCHROM,TMEM242,MYO1E,R1504202614,,
chr13;chr13,DELETION,DCLK1,DCLK1,R1504202613,,
chr1;chr2,INTERCHROM,RP1-117O3.2,KRT18P52,R1504202613,R1504202614,
chr4;chr4,DELETION,ZNF595,ZNF141,R1504202612,R1504202613,R1504202614
chr3;chr13,INTERCHROM,PABPC1P10,PABPC3,R1504202612,R1504202613,
chr1;chr14,INTERCHROM,SLC2A5,BTBD7,R1504202612,R1504202613,R1504202614
chr11;chr11,INVERSION,CNTN5,CNTN5,R1504202612,,
chr16;chr16,DELETION,TXNL4B,TXNL4B,R1504202613,,
chr15;chr15,DELETION,TIPIN,TIPIN,R1504202612,R1504202613,R1504202614
chr19;chr19,DUPLICATION,RPS9,RPS9,R1504202612,R1504202613,R1504202614
chr5;chr5,DELETION,FSTL4,FSTL4,R1504202613,R1504202614,
chr9;chr9,DELETION,COL5A1,COL5A1,R1504202613,,
chr15;chr15,INVERSION,CSPG4P11,DNM1P51,R1504202614,,
chr3;chr8,INTERCHROM,PABPC1P10,PABPC1,R1504202612,R1504202613,R1504202614
chr11;chr11,DELETION,CCDC67,CCDC67,R1504202612,R1504202613,R1504202614
chr22;chr22,DELETION,NDUFA6-AS1,CYP2D7P1,R1504202612,R1504202613,
chr7;chr7,DUPLICATION,ADCY1,ADCY1,R1504202614,,
chr3;chr3,DELETION,ATP2B2,ATP2B2,R1504202612,R1504202614,
chr10;chr15,INTERCHROM,BICC1,RP11-382A20.4,R1504202612,,
chr9;chr9,DELETION,FKBP15,FKBP15,R1504202613,R1504202614,
chr21;chr21,INVERSION,TSPEAR,TSPEAR,R1504202613,R1504202614,
chr7;chr7,DELETION,MGAM,MGAM,R1504202612,,
chr19;chr19,DELETION,RP11-678G14.2,RP11-678G14.2,R1504202613,R1504202614,
chr22;chr22,DELETION,IGLV5-48,IGLV5-45,R1504202613,R1504202614,
chr2;chr2,DELETION,AC131097.3,AC131097.3,R1504202613,,
chr12;chr12,DELETION,RP11-536G4.2,RP11-536G4.2,R1504202613,,
chr7;chr9,INTERCHROM,PRSS3P1,RP11-133O22.6,R1504202612,,
chrX;chrX,DUPLICATION,SAGE1,SAGE1,R1504202613,R1504202614,
chr19;chr19,DUPLICATION,PSG6,PSG7,R1504202613,R1504202614,
chr8;chr8,DUPLICATION,RP11-44K6.3,LINC00964,R1504202614,,
chr7;chr7,DELETION,TRBV7-7,TRBV7-3,R1504202612,R1504202613,R1504202614
chr22;chr22,DELETION,MEI1,MEI1,R1504202613,,
chr1;chr1,INVERSION,RYR2,RYR2,R1504202612,R1504202614,
chr6;chr6,DUPLICATION,HLA-DRB5,HLA-DRB1,R1504202612,,
chrY;chrY,DUPLICATION,DUX4L18,DUX4L19,R1504202613,,
chr14;chr18,INTERCHROM,WDR89,RP11-807E13.2,R1504202612,R1504202613,R1504202614
chr1;chr1,DELETION,CHIA,CHIA,R1504202613,R1504202614,
chr17;chr17,DELETION,KRT15,KRT15,R1504202614,,
chr8;chr8,DUPLICATION,GML,GML,R1504202613,R1504202614,
chr5;chr5,DELETION,ZDHHC11B,ZDHHC11,R1504202612,R1504202613,R1504202614
chr6;chr6,DELETION,SERAC1,SERAC1,R1504202612,R1504202613,R1504202614
chr3;chr11,INTERCHROM,RP11-575C1.1,MTCH2,R1504202613,,
chr19;chr19,INVERSION,CD97,EMR2,R1504202612,R1504202613,R1504202614
chr6;chr6,DELETION,RP3-470B24.5,RP3-470B24.5,R1504202613,,
chr14;chr14,DUPLICATION,OR10G1P,OR10G2,R1504202613,R1504202614,
chr16;chr19,INTERCHROM,RP11-615I2.3,CNN2,R1504202614,,
chr14;chr14,DUPLICATION,IGHV3-21,IGHV3-71,R1504202612,R1504202613,R1504202614
chr1;chr1,DUPLICATION,IGFN1,IGFN1,R1504202613,R1504202614,
chr1;chr1,DELETION,PADI4,PADI4,R1504202612,R1504202613,R1504202614
chr1;chr1,DUPLICATION,PRAMEF1,PRAMEF2,R1504202613,,
chr1;chr1,DELETION,PFN1P10,NBPF3,R1504202613,R1504202614,
chr10;chr10,DUPLICATION,AKR1CL1,AKR1C7P,R1504202612,R1504202613,
chr14;chr14,DELETION,IGHV3-43,IGHV3-64,R1504202613,R1504202614,
chr14;chr14,DUPLICATION,IGHV3-60,IGHV3-62,R1504202612,R1504202613,R1504202614
chr10;chr10,DELETION,LINC00842,LINC00842,R1504202613,,
chr17;chr17,DELETION,VPS53,VPS53,R1504202612,R1504202613,R1504202614
chr1;chr1,DELETION,DEPDC1,RP4-694A7.2,R1504202614,,
chr7;chr7,DELETION,FBXL13,FBXL13,R1504202614,,
chr16;chrY,INTERCHROM,RNA5-8SP2,RNA5-8SP6,R1504202612,R1504202613,R1504202614
chr11;chr11,DUPLICATION,MUC2,MUC2,R1504202613,,
chr15;chr15,DELETION,CERS3,CERS3,R1504202613,R1504202614,
chr8;chr8,DUPLICATION,TNFRSF10B,TNFRSF10A,R1504202612,R1504202613,R1504202614
chr19;chr19,DUPLICATION,PLIN4,PLIN4,R1504202612,R1504202613,R1504202614
chr19;chr19,DELETION,ZNF730,ZNF730,R1504202613,,
chr7;chr7,DELETION,STEAP2-AS1,STEAP2-AS1,R1504202612,R1504202613,R1504202614
chr2;chr14,INTERCHROM,COL3A1,SCFD1,R1504202614,,
chr14;chr15,INTERCHROM,IGHV4-4,IGHV4OR15-8,R1504202614,,
