chr12;chr12,DELETION,SCAF11,SCAF11,R1504202616,,
chr3;chr3,DELETION,IMPG2,IMPG2,R1504202616,,
chr2;chr2,DELETION,SLC9A2,SLC9A2,R1504202615,R1504202616,R1504202617,
chr1;chr19,INTERCHROM,RP11-343N15.1,CEP89,R1504202616,,
chr16;chr16,DELETION,BCAR4,BCAR4,R1504202616,,
chr1;chr1,DELETION,NTNG1,NTNG1,R1504202616,,
chr2;chr2,DELETION,MFSD2B,MFSD2B,R1504202616,,
chr2;chr2,DELETION,FAM171B,FAM171B,R1504202616,,
chr19;chr19,DELETION,FAM71E2,FAM71E2,R1504202616,,
chr11;chr11,DELETION,AHNAK,AHNAK,R1504202616,,
chr17;chr17,DELETION,RP11-799N11.1,RP11-799N11.1,R1504202616,,
chr13;chr13,DELETION,LIG4,LIG4,R1504202616,,
chr2;chr2,DELETION,NCKAP1,NCKAP1,R1504202616,,
chr14;chr14,DELETION,TRIP11,TRIP11,R1504202616,,
chr17;chr17,DELETION,RP11-258F1.1,RP11-258F1.1,R1504202616,,
chr12;chr12,DELETION,SMUG1,SMUG1,R1504202616,,
chr16;chr16,DELETION,CD19,CD19,R1504202616,,
chr5;chr5,DELETION,NR2F1,NR2F1,R1504202616,,
chr6;chr6,DELETION,MED23,MED23,R1504202616,,
chr7;chr7,DELETION,CTTNBP2,CTTNBP2,R1504202616,,
chr10;chr10,DELETION,EBLN1,EBLN1,R1504202616,,
chr11;chr11,DELETION,BARX2,BARX2,R1504202616,,
chr20;chr20,DELETION,PSMA7,PSMA7,R1504202616,,
chr14;chr14,DUPLICATION,IGHV1-3,IGHV7-27,R1504202615,R1504202617,
chr18;chr18,INVERSION,RBBP8,RBBP8,R1504202615,,
chr5;chr12,INTERCHROM,NDUFAF2,RP11-415I12.3,R1504202616,,
chr19;chr19,DELETION,PSMC4,PSMC4,R1504202616,,
chr17;chr17,DELETION,KRTAP4-1,KRTAP4-1,R1504202616,,
chr1;chr1,DELETION,TIE1,TIE1,R1504202616,,
chr5;chr5,DELETION,GPRIN1,GPRIN1,R1504202616,,
chr5;chr5,DELETION,NIPBL,NIPBL,R1504202616,,
chr2;chr2,DELETION,LCT,LCT,R1504202616,,
chr17;chr17,INVERSION,RP1-37N7.1,EVPL,R1504202616,,
chr19;chr19,DELETION,CLC,CLC,R1504202616,,
chr9;chr9,DELETION,GLIS3,GLIS3,R1504202616,,
chr8;chr13,INTERCHROM,PABPC1,PABPC3,R1504202617,
chr5;chr5,DELETION,AP3S1,AP3S1,R1504202617,
chr7;chr7,DELETION,MUC17,MUC17,R1504202615,,
chr3;chr3,DELETION,STAB1,STAB1,R1504202616,,
chr1;chr1,DELETION,SMG7,SMG7,R1504202616,,
chrX;chrX,DUPLICATION,MAGEC1,MAGEC1,R1504202615,R1504202616,,
chr5;chr5,DELETION,TRIM23,TRIM23,R1504202616,,
chr17;chr17,DELETION,POLR2A,POLR2A,R1504202616,,
chr2;chr2,DELETION,INPP5D,INPP5D,R1504202616,,
chr3;chr22,INTERCHROM,RP11-576M8.2,PPARA,R1504202617,
chr12;chr12,DELETION,KRT6A,KRT6A,R1504202617,
chr16;chr16,DELETION,SIAH1,SIAH1,R1504202616,,
chr7;chr7,INVERSION,TRBV7-1,TRBV7-8,R1504202615,R1504202616,,
chr6;chr6,DELETION,DSP,DSP,R1504202616,,
chr4;chr4,DELETION,NEK1,NEK1,R1504202616,,
chr2;chr2,DELETION,ADAM23,ADAM23,R1504202616,,
chr20;chr20,DELETION,ZMYND8,ZMYND8,R1504202616,,
chr13;chr13,DELETION,UCHL3,UCHL3,R1504202616,,
chr5;chr5,DELETION,OSMR,OSMR,R1504202616,,
chr4;chr4,DUPLICATION,ZNF595,ZNF141,R1504202615,R1504202616,R1504202617,
chr9;chr9,DELETION,GTF3C4,GTF3C4,R1504202616,,
chr14;chr14,DELETION,PNN,PNN,R1504202616,,
chr12;chr12,DELETION,RP1-71H24.1,RP1-71H24.1,R1504202616,,
chr19;chr19,DELETION,RP11-255H23.4,RP11-255H23.4,R1504202615,,
chr3;chr3,DELETION,NAALADL2,NAALADL2,R1504202616,,
chr6;chr6,INVERSION,SLC16A10,SLC16A10,R1504202615,,
chr6;chr6,DELETION,MB21D1,MB21D1,R1504202616,,
chr20;chr20,DELETION,GNAS,GNAS,R1504202616,,
chr8;chr8,DELETION,DPYS,DPYS,R1504202616,,
chr8;chr8,DELETION,SULF1,SULF1,R1504202616,,
chrX;chrX,INVERSION,RP11-552E4.5,AF196972.4,R1504202615,R1504202617,
chr1;chr5,INTERCHROM,RP11-365D23.4,AP3S1,R1504202615,R1504202616,R1504202617,
chr6;chr6,DELETION,TTLL2,TTLL2,R1504202616,,
chr13;chr13,INVERSION,TPTE2P6,TPTE2P1,R1504202615,R1504202616,R1504202617,
chr15;chr15,DELETION,SPG11,SPG11,R1504202616,,
chr14;chr14,DELETION,SNAPC1,SNAPC1,R1504202616,,
chr11;chr11,DELETION,CASP4,CASP4,R1504202616,,
chr14;chr14,DELETION,RP11-701B16.2,RP11-701B16.2,R1504202616,,
chr1;chr1,DELETION,POMGNT1,POMGNT1,R1504202616,,
chr5;chr5,DELETION,FBN2,FBN2,R1504202616,,
chr12;chr12,DELETION,PFKM,PFKM,R1504202616,,
chr2;chr2,DELETION,CASP8,CASP8,R1504202615,R1504202616,R1504202617,
chr6;chr6,DELETION,POLH,POLH,R1504202616,,
chr7;chrX,INTERCHROM,MUC17,CXorf22,R1504202615,,
chr3;chr3,DELETION,LSG1,LSG1,R1504202615,R1504202616,,
chr3;chr15,INTERCHROM,PAK2,RP11-32B5.1,R1504202615,R1504202616,R1504202617,
chr19;chr19,DELETION,CTD-2245F17.3,CTD-2245F17.3,R1504202616,,
chr17;chr17,DELETION,TMEM132E,TMEM132E,R1504202616,,
chr4;chr4,DELETION,KIAA1109,KIAA1109,R1504202616,,
chr1;chr1,DELETION,OBSCN,OBSCN,R1504202616,,
chr10;chr10,DELETION,AKR1CL1,AKR1C7P,R1504202615,R1504202616,R1504202617,
chr7;chr7,DELETION,RELN,RELN,R1504202616,,
chr11;chr11,INVERSION,NADSYN1,NADSYN1,R1504202615,,
chr1;chr1,DELETION,METTL18,METTL18,R1504202616,,
chr22;chr22,DELETION,EP300,EP300,R1504202616,,
chr7;chr7,DUPLICATION,TRBV6-7,TRBV6-5,R1504202615,R1504202616,R1504202617,
chr11;chr11,DELETION,SHANK2,SHANK2,R1504202615,R1504202616,,
chr18;chr18,DELETION,DSG3,DSG3,R1504202616,,
chr13;chr13,DELETION,RNF219-AS1,RNF219-AS1,R1504202616,,
chr12;chr12,DELETION,GLIPR1L2,GLIPR1L2,R1504202616,,
chr11;chr11,DELETION,SIPA1,SIPA1,R1504202616,,
chr17;chr17,DELETION,FKBP10,FKBP10,R1504202616,,
chr1;chr1,DELETION,IVL,IVL,R1504202616,,
chr2;chr2,DELETION,ACSL3,ACSL3,R1504202616,,
chr7;chr7,DELETION,TRBV7-8,TRBV7-3,R1504202615,R1504202616,R1504202617,
chr8;chr8,DELETION,RP11-513O17.2,RP11-513O17.2,R1504202617,
chr1;chr1,DELETION,RGL1,RGL1,R1504202616,,
chr2;chr2,DELETION,RFX8,RFX8,R1504202616,,
chr11;chr11,DELETION,OR8G1,OR8G5,R1504202615,R1504202616,R1504202617,
chr20;chr20,DUPLICATION,CDH4,CDH4,R1504202616,,
chr14;chr14,DUPLICATION,RP11-44N21.4,RP11-44N21.4,R1504202615,R1504202616,,
chrY;chrY,DELETION,DUX4L16,DUX4L19,R1504202615,R1504202616,R1504202617,
chr12;chr12,DELETION,TRPV4,TRPV4,R1504202616,,
chr6;chr9,INTERCHROM,MRPS18A,B4GALT1,R1504202616,R1504202617,
chr7;chr7,DELETION,DNAH11,DNAH11,R1504202616,,
chr7;chr7,DELETION,ACN9,ACN9,R1504202616,,
chr2;chr2,DELETION,ITGA4,ITGA4,R1504202617,
chr11;chr11,DELETION,OTOG,OTOG,R1504202616,,
chr5;chr5,DELETION,NDST1,NDST1,R1504202616,,
chr3;chr3,DELETION,MED12L,MED12L,R1504202616,,
chr4;chr6,INTERCHROM,HSP90AB3P,HSP90AB1,R1504202615,R1504202616,,
chr14;chr14,DELETION,IGHV7-27,IGHV7-81,R1504202615,,
chr11;chr11,DELETION,OR51F2,OR51F2,R1504202616,,
chr7;chr7,DELETION,CARD11,CARD11,R1504202616,,
chr17;chr17,DELETION,CAMKK1,CAMKK1,R1504202616,,
chr2;chr2,DELETION,ERBB4,ERBB4,R1504202616,,
chr22;chr22,DELETION,APOL3,APOL3,R1504202616,,
chr19;chr19,DELETION,DMPK,DMPK,R1504202615,,
chr12;chr12,DELETION,LEMD3,LEMD3,R1504202616,,
chr20;chr20,DELETION,GZF1,GZF1,R1504202616,,
chr7;chr7,DELETION,ABCA13,ABCA13,R1504202616,,
chr7;chr7,DELETION,FTSJ2,FTSJ2,R1504202616,,
chr15;chr15,DELETION,CHD2,CHD2,R1504202615,R1504202616,R1504202617,
chr11;chr11,DELETION,SPA17,SPA17,R1504202616,,
chr7;chr7,DELETION,AKAP9,AKAP9,R1504202616,,
chr7;chr7,DELETION,CADPS2,CADPS2,R1504202616,,
chr3;chr3,DELETION,CCDC66,CCDC66,R1504202615,,
chr1;chr1,DELETION,HSD3B2,HSD3B2,R1504202616,,
chr15;chr15,DELETION,MYO1E,MYO1E,R1504202616,,
chr1;chr1,DELETION,AGL,AGL,R1504202616,,
chr12;chr12,DELETION,NCOR2,NCOR2,R1504202616,,
chr11;chr11,DELETION,CSTF3,CSTF3,R1504202616,,
chr5;chr5,DELETION,C5orf54,C5orf54,R1504202616,,
chr2;chr2,DELETION,TTN-AS1,TTN-AS1,R1504202616,,
chr12;chr12,DELETION,PHC1,PHC1,R1504202616,,
chr4;chr4,DELETION,RAP1GDS1,RAP1GDS1,R1504202616,,
chrY;chrY,DUPLICATION,DUX4L17,DUX4L19,R1504202616,,
chr5;chr5,DELETION,DNAH5,DNAH5,R1504202615,R1504202616,R1504202617,
chr6;chr6,DELETION,NHLRC1,NHLRC1,R1504202616,,
chr7;chr7,DELETION,GRM3,GRM3,R1504202616,,
chr14;chr15,INTERCHROM,SLC20A1P2,SLC20A1P3,R1504202615,R1504202616,R1504202617,
chr11;chr11,DELETION,MUC6,MUC6,R1504202615,R1504202616,R1504202617,
chr1;chr1,DELETION,MMEL1,MMEL1,R1504202616,,
chr19;chr19,DELETION,ZIK1,ZIK1,R1504202616,,
chrX;chrX,DELETION,SLC25A43,SLC25A43,R1504202616,,
chr14;chr14,DELETION,METTL3,METTL3,R1504202616,,
chr7;chr7,DELETION,OR6W1P,OR6W1P,R1504202616,,
chr15;chr15,DELETION,ACAN,ACAN,R1504202616,,
chr22;chr22,DUPLICATION,IGLV3-25,IGLV3-16,R1504202615,R1504202616,R1504202617,
chr3;chr3,DELETION,UMPS,UMPS,R1504202616,,
chr5;chr5,DELETION,HSPA9,HSPA9,R1504202616,,
chr5;chr5,DELETION,ZFP62,ZFP62,R1504202616,,
chr17;chr17,DELETION,SGSH,SGSH,R1504202616,,
chr7;chr7,DELETION,OPN1SW,OPN1SW,R1504202616,,
chr19;chr19,INVERSION,CD177,CD177P1,R1504202617,
chr2;chr8,INTERCHROM,NEB,UBE2V2,R1504202617,
chr19;chr19,DELETION,KCNA7,KCNA7,R1504202616,,
chr9;chr9,DELETION,ZNF462,ZNF462,R1504202616,,
chr7;chr7,DELETION,CYP3A43,CYP3A43,R1504202616,,
chr22;chr22,DELETION,CCDC117,CCDC117,R1504202615,,
chr11;chr11,DELETION,MICAL2,MICAL2,R1504202616,,
chr19;chr19,DUPLICATION,ZNF493,ZNF493,R1504202615,R1504202616,R1504202617,
chr3;chr3,DELETION,NAALADL2-AS3,NAALADL2-AS3,R1504202616,,
chr12;chr12,DELETION,OR9K2,OR9K2,R1504202616,,
chr16;chr16,DELETION,CIRH1A,CIRH1A,R1504202616,,
chr7;chr7,DELETION,TYW1B,TYW1B,R1504202615,R1504202617,
chr2;chr2,DELETION,PXDN,PXDN,R1504202615,,
chr16;chr16,DELETION,ABAT,ABAT,R1504202616,,
chr18;chr18,DELETION,LINC00305,LINC00305,R1504202616,,
chr12;chr12,DELETION,RP11-630C16.2,RP11-630C16.2,R1504202617,
chr1;chr1,DELETION,CELSR2,CELSR2,R1504202616,,
chr10;chr13,INTERCHROM,DIP2C,SLITRK5,R1504202615,,
chr3;chr6,INTERCHROM,AC090505.6,RP11-631F7.2,R1504202616,,
chr8;chr8,DUPLICATION,RP11-513O17.2,RP11-513O17.2,R1504202616,,
chr10;chr10,DELETION,BMPR1A,BMPR1A,R1504202616,,
chr4;chr4,DELETION,GABRG1,GABRG1,R1504202616,,
chr15;chr19,INTERCHROM,RP11-143J24.1,ELOF1,R1504202615,,
chr8;chr8,DELETION,TRAPPC9,TRAPPC9,R1504202616,,
chr15;chr15,INVERSION,HERC2,HERC2P10,R1504202615,R1504202617,
chr9;chr9,INVERSION,PRSS3P4,RP11-133O22.6,R1504202615,R1504202616,R1504202617,
chr2;chr16,INTERCHROM,INSIG2,PKD1L2,R1504202615,,
chr1;chr1,DELETION,NME7,NME7,R1504202615,R1504202616,R1504202617,
chr11;chr11,DUPLICATION,MUC5AC,MUC5AC,R1504202615,R1504202617,
chr1;chr1,DELETION,TRIM33,TRIM33,R1504202616,,
chr1;chr12,INTERCHROM,NPHP4,RP11-13G14.4,R1504202615,,
chr5;chr5,DELETION,F2R,F2R,R1504202616,,
chr6;chr6,DELETION,BCKDHB,BCKDHB,R1504202616,,
chr9;chr9,DELETION,NDOR1,NDOR1,R1504202616,,
chr9;chr9,DELETION,RP11-188C12.3,RP11-188C12.3,R1504202615,R1504202616,R1504202617,
chr16;chr16,DELETION,CYBA,CYBA,R1504202616,,
chr1;chr1,DUPLICATION,TRIM67,TRIM67,R1504202615,R1504202616,,
chr12;chr12,DELETION,SLC25A3,SLC25A3,R1504202616,,
chr12;chr12,DELETION,GCN1L1,GCN1L1,R1504202616,,
chr1;chr1,DELETION,HORMAD1,HORMAD1,R1504202615,R1504202616,R1504202617,
chr7;chr7,DELETION,MUC3A,MUC3A,R1504202615,R1504202616,R1504202617,
chr20;chr20,DELETION,ZNF343,ZNF343,R1504202616,,
chr6;chr6,DELETION,IGF2R,IGF2R,R1504202616,,
chr20;chr20,DELETION,SEC23B,SEC23B,R1504202616,,
chr15;chr15,DELETION,IGHV1OR15-4,IGHV1OR15-4,R1504202616,,
chr22;chr22,INVERSION,APOL4,APOL1,R1504202615,R1504202616,R1504202617,
chr6;chr6,DELETION,ARID1B,ARID1B,R1504202616,,
chr19;chr19,DELETION,PLIN4,PLIN4,R1504202615,R1504202616,R1504202617,
chr2;chr2,DELETION,TCF7L1,TCF7L1,R1504202615,,
chr1;chr1,DELETION,RP11-307B6.3,RP11-307B6.3,R1504202616,,
chr2;chr2,DELETION,FIGN,FIGN,R1504202616,,
chr19;chr19,DELETION,ZNF221,ZNF221,R1504202616,,
chr15;chr15,DELETION,LTK,LTK,R1504202616,,
chr5;chr5,DELETION,ERAP1,ERAP1,R1504202616,,
chr1;chr1,DELETION,ELTD1,ELTD1,R1504202615,R1504202616,,
chrY;chrY,DELETION,DUX4L16,DUX4L18,R1504202615,R1504202616,,
chr12;chr12,DELETION,OR6C65,OR6C65,R1504202616,,
chr11;chr11,DELETION,B4GALNT4,B4GALNT4,R1504202616,,
chr14;chr14,DELETION,RPGRIP1,RPGRIP1,R1504202616,,
chr13;chr13,DUPLICATION,DCLK1,DCLK1,R1504202616,,
chr11;chr11,DELETION,OR2D3,OR2D3,R1504202616,,
chr17;chr17,DELETION,WIPF2,WIPF2,R1504202617,
chr3;chr3,DELETION,PDE12,PDE12,R1504202616,,
chrY;chrY,DELETION,DUX4L16,DUX4L17,R1504202616,,
chr22;chr22,DELETION,SBF1,SBF1,R1504202616,,
chr1;chr1,DELETION,PRMT6,PRMT6,R1504202616,,
chr22;chr22,DUPLICATION,SMC1B,SMC1B,R1504202615,R1504202616,R1504202617,
chr10;chr10,DELETION,CUEDC2,CUEDC2,R1504202616,,
chr22;chr22,DELETION,PKDREJ,PKDREJ,R1504202616,,
chr15;chr15,DELETION,PWRN1,PWRN1,R1504202616,,
chr14;chr14,DELETION,MTHFD1,MTHFD1,R1504202616,,
chr4;chr4,DELETION,SLC34A2,SLC34A2,R1504202616,,
chr6;chr6,DELETION,BCLAF1,BCLAF1,R1504202615,R1504202616,R1504202617,
chr5;chr5,DELETION,HARS,HARS,R1504202616,,
chr22;chr22,DELETION,CARD10,CARD10,R1504202615,R1504202616,R1504202617,
chr12;chr12,DELETION,CHST11,CHST11,R1504202616,,
chr15;chr15,DELETION,SLC24A1,SLC24A1,R1504202616,,
chr11;chr11,DELETION,HNRNPUL2-BSCL2,HNRNPUL2-BSCL2,R1504202616,,
chr18;chr18,DELETION,LAMA3,LAMA3,R1504202616,,
chr17;chr17,DELETION,GPR179,GPR179,R1504202616,,
chr6;chr6,DELETION,ZSCAN23,ZSCAN23,R1504202616,,
chr11;chr11,DELETION,RAG2,RAG2,R1504202616,,
chr18;chr18,DELETION,DLGAP1-AS4,DLGAP1-AS4,R1504202617,
chr1;chr1,DELETION,SPAG17,SPAG17,R1504202616,,
chr17;chr17,DELETION,SYNRG,SYNRG,R1504202616,,
chr14;chr14,DELETION,IGHV3-60,IGHV3-62,R1504202615,R1504202617,
chr10;chr10,DELETION,CCNYL2,CCNYL2,R1504202615,R1504202616,,
chr5;chr5,DELETION,VCAN,VCAN,R1504202616,,
chr17;chr17,DUPLICATION,KRT37,KRT38,R1504202615,R1504202616,R1504202617,
chr2;chr2,DELETION,KIDINS220,KIDINS220,R1504202616,,
chr19;chr19,DELETION,AC005255.5,OR7A3P,R1504202615,R1504202616,R1504202617,
chr14;chr14,DUPLICATION,IGHV3-43,IGHV3-64,R1504202615,R1504202616,,
chr4;chr4,DELETION,WDFY3,WDFY3,R1504202616,,
chr9;chr9,DELETION,TYRP1,TYRP1,R1504202616,,
chr1;chr1,DELETION,TTC13,TTC13,R1504202616,,
chr1;chr1,DELETION,TNNT2,TNNT2,R1504202616,,
chrX;chrX,DELETION,MAGEB6,MAGEB6,R1504202616,,
chr15;chr15,DELETION,NEDD4,NEDD4,R1504202616,,
chr12;chr12,DELETION,AMDHD1,AMDHD1,R1504202616,,
chr10;chr10,DELETION,TUBGCP2,TUBGCP2,R1504202615,R1504202616,R1504202617,
chr9;chr9,DELETION,DDX58,DDX58,R1504202616,,
chr15;chr15,DELETION,CA12,CA12,R1504202616,,
chr16;chr16,DUPLICATION,BCL7C,ZNF668,R1504202615,,
chr14;chr14,DELETION,IGHV5-51,IGHV5-78,R1504202616,R1504202617,
chr22;chr22,DUPLICATION,IGLV5-48,IGLV5-45,R1504202615,R1504202616,R1504202617,
chr1;chr1,DELETION,CLCNKB,FAM131C,R1504202615,R1504202616,R1504202617,
chr12;chr12,INVERSION,XPOT,XPOT,R1504202617,
chr14;chr14,DELETION,GPR132,GPR132,R1504202616,,
chr17;chr17,DELETION,BZRAP1,BZRAP1,R1504202616,,
chr12;chr12,DUPLICATION,RP11-443N24.2,TDG,R1504202615,R1504202616,R1504202617,
chr1;chr9,INTERCHROM,SNRNP40,MOB3B,R1504202616,,
chr21;chr21,DELETION,SON,SON,R1504202616,,
chr3;chr3,DELETION,LXN,LXN,R1504202616,,
chr22;chr22,DELETION,SF3A1,SF3A1,R1504202615,R1504202616,R1504202617,
chr16;chr16,INVERSION,N4BP1,N4BP1,R1504202617,
chr6;chr7,INTERCHROM,CBX3P9,CBX3,R1504202615,R1504202616,R1504202617,
chr11;chr11,DELETION,GYLTL1B,GYLTL1B,R1504202616,,
chr2;chr2,DELETION,BCL2L11,BCL2L11,R1504202615,R1504202616,R1504202617,
chr19;chr19,DELETION,ZNF850,ZNF850,R1504202616,,
chr9;chr9,DELETION,KIAA1045,KIAA1045,R1504202616,,
chr6;chr6,DELETION,ENPP1,ENPP1,R1504202616,,
chr15;chr15,DELETION,UACA,UACA,R1504202616,,
chr18;chr18,DELETION,MIB1,MIB1,R1504202617,
chr1;chr1,DELETION,NEGR1,NEGR1,R1504202616,,
chr22;chr22,DELETION,FAM118A,FAM118A,R1504202615,R1504202616,R1504202617,
chr17;chr17,DELETION,KIAA0100,KIAA0100,R1504202616,,
chr6;chr6,DELETION,MLLT4,MLLT4,R1504202616,,
chr9;chr20,INTERCHROM,RP11-764K9.4,FRG1B,R1504202615,R1504202616,R1504202617,
chr8;chr8,DELETION,PKHD1L1,PKHD1L1,R1504202615,R1504202616,R1504202617,
chr19;chr19,DUPLICATION,MUC16,MUC16,R1504202617,
chr12;chr12,DELETION,PLEKHA5,PLEKHA5,R1504202616,,
chr1;chr1,DELETION,FLG-AS1,FLG-AS1,R1504202615,R1504202616,R1504202617,
chr16;chr16,DELETION,THUMPD1,THUMPD1,R1504202616,,
chr17;chr17,DELETION,KCNJ12,KCNJ12,R1504202616,,
chr1;chr1,DELETION,USH2A,USH2A,R1504202616,,
chr6;chr6,DELETION,PKHD1,PKHD1,R1504202616,,
chr3;chr3,DELETION,CCR3,CCR3,R1504202616,,
chr11;chr11,DELETION,KCNA4,KCNA4,R1504202616,,
chr19;chr19,DELETION,ZNF224,ZNF224,R1504202616,,
chr10;chr10,DELETION,ATRNL1,ATRNL1,R1504202616,,
chr2;chr13,INTERCHROM,GRHL1,LINC00351,R1504202615,R1504202616,R1504202617,
chr19;chr19,DELETION,ARHGAP33,ARHGAP33,R1504202616,,
chr1;chr1,DELETION,DOCK7,DOCK7,R1504202616,,
chr1;chr1,DELETION,BRINP2,BRINP2,R1504202616,,
chr19;chr19,DELETION,ZNF223,ZNF223,R1504202616,,
chr1;chr1,DELETION,RP11-550P17.5,RP11-550P17.5,R1504202616,,
chr14;chr14,DELETION,FRMD6,FRMD6,R1504202616,,
chr12;chr12,DELETION,MMP17,MMP17,R1504202615,R1504202616,,
chr8;chr8,DELETION,MTUS1,MTUS1,R1504202616,,
chr6;chr6,DELETION,VN1R10P,VN1R10P,R1504202616,,
chr1;chr1,DELETION,RP1-117O3.2,RP1-117O3.2,R1504202615,R1504202617,
chr6;chr13,INTERCHROM,NUFIP1P,NUFIP1,R1504202615,R1504202616,R1504202617,
chr17;chr17,DELETION,DNAH9,DNAH9,R1504202616,,
chr5;chr5,DELETION,TGFBI,TGFBI,R1504202616,,
chr13;chr13,DUPLICATION,PARP1P1,PARP1P1,R1504202615,R1504202616,R1504202617,
chr13;chr13,DELETION,SETDB2,SETDB2,R1504202616,,
chr19;chr19,DELETION,MUC16,MUC16,R1504202615,,
chrY;chrY,DUPLICATION,DUX4L16,DUX4L19,R1504202616,,
chr9;chr9,DELETION,RP11-613M10.9,RP11-613M10.9,R1504202616,,
chr20;chr20,INVERSION,SIRPB1,SIRPA,R1504202615,R1504202616,R1504202617,
chr2;chr2,DELETION,AC064853.3,AC064853.3,R1504202616,,
chr4;chr4,DUPLICATION,GYPE,RP11-673E1.4,R1504202616,,
chr8;chr17,INTERCHROM,KB-1448A5.1,MED13,R1504202615,,
chr7;chr7,DELETION,TAS2R38,TAS2R38,R1504202616,,
chr17;chr17,DELETION,GPS1,GPS1,R1504202616,,
chr5;chr5,DELETION,SMAD5,SMAD5,R1504202616,,
chr14;chr14,DELETION,IGHD2-21,IGHD2-2,R1504202615,,
chr11;chr11,DELETION,OR51A4,OR51A2,R1504202615,,
chr19;chr19,DELETION,NFIX,NFIX,R1504202616,,
chr6;chr6,DELETION,ZKSCAN8,ZKSCAN8,R1504202616,,
chr1;chr1,DELETION,CASQ2,CASQ2,R1504202616,,
chr2;chr2,DELETION,DNMT3A,DNMT3A,R1504202616,,
chr12;chr12,DELETION,NKG2-E,NKG2-E,R1504202617,
chr2;chr2,DELETION,NAT8,NAT8,R1504202616,,
chr15;chr15,DELETION,TIPIN,TIPIN,R1504202615,R1504202616,R1504202617,
chr19;chr19,DUPLICATION,RPS9,RPS9,R1504202615,R1504202616,R1504202617,
chr2;chr8,INTERCHROM,HIBCH,IMPA1,R1504202617,
chr6;chr6,DELETION,COL9A1,COL9A1,R1504202616,,
chr5;chr5,INVERSION,FBXL17,CTD-3179P9.1,R1504202616,,
chr9;chr9,DELETION,TEK,TEK,R1504202616,,
chr11;chr11,DELETION,CCDC67,CCDC67,R1504202615,R1504202616,R1504202617,
chr1;chr5,INTERCHROM,SLC30A10,RP11-541P9.3,R1504202615,,
chr20;chr20,DELETION,TOX2,TOX2,R1504202616,,
chr17;chr17,DELETION,QRICH2,QRICH2,R1504202616,,
chr13;chr13,DELETION,TSC22D1,TSC22D1,R1504202616,,
chr15;chr15,DELETION,CILP,CILP,R1504202616,,
chr1;chr1,DELETION,DHX9,DHX9,R1504202616,,
chr2;chr2,DELETION,GALNT13,GALNT13,R1504202616,,
chr19;chr19,INVERSION,ZSCAN5B,ZSCAN5D,R1504202615,R1504202616,,
chr5;chr5,DELETION,GPR98,GPR98,R1504202616,,
chr8;chr8,DELETION,ENPP2,ENPP2,R1504202616,,
chr19;chr19,DELETION,ARHGEF1,ARHGEF1,R1504202615,,
chr3;chr3,DELETION,ATP2B2,ATP2B2,R1504202615,,
chr7;chr7,DELETION,AASS,AASS,R1504202616,,
chr9;chr9,DELETION,CDK20,CDK20,R1504202616,,
chr7;chr7,DELETION,MET,MET,R1504202616,,
chr11;chr11,DELETION,RP11-494M8.4,RP11-494M8.4,R1504202616,,
chr7;chr7,DELETION,FLNC,FLNC,R1504202616,,
chr17;chr17,DELETION,PRPF8,PRPF8,R1504202616,,
chr9;chr9,DELETION,FKBP15,FKBP15,R1504202615,R1504202617,
chr5;chr5,DELETION,CTC-348L5.1,CTC-348L5.1,R1504202616,,
chr20;chr20,DELETION,TOP1,TOP1,R1504202616,,
chr6;chr6,DELETION,ECHDC1,ECHDC1,R1504202616,,
chr1;chr1,INVERSION,THRAP3,THRAP3,R1504202616,R1504202617,
chr12;chr12,DELETION,RP11-443N24.2,TDG,R1504202616,,
chr17;chr17,DELETION,NME2,NME2,R1504202616,,
chr1;chr1,INVERSION,NBPF2P,NBPF3,R1504202615,R1504202616,,
chr7;chr7,DELETION,SAMD9L,SAMD9L,R1504202616,,
chr5;chr5,DELETION,PCDHGB2,PCDHGB2,R1504202616,,
chr14;chr14,DELETION,KTN1,KTN1,R1504202616,,
chr3;chr3,DELETION,CNTN4,CNTN4,R1504202616,,
chr2;chr2,DELETION,RTN4,RTN4,R1504202616,,
chr2;chr2,INVERSION,IFIH1,SLC25A12,R1504202615,,
chr9;chr9,DELETION,PTPRD,PTPRD,R1504202616,,
chr9;chr9,DUPLICATION,OR1L4,OR1L6,R1504202615,,
chr4;chr4,DELETION,ANK2,ANK2,R1504202616,,
chr1;chr1,DELETION,PBX1,PBX1,R1504202616,,
chr19;chr19,DELETION,ABCA7,ABCA7,R1504202615,,
chr8;chr8,DELETION,PDGFRL,PDGFRL,R1504202616,,
chr5;chr5,DELETION,ITGA1,ITGA1,R1504202616,,
chr6;chr6,INVERSION,RP1-167A14.2,RP1-167A14.2,R1504202615,,
chr1;chr1,DELETION,PER3,PER3,R1504202616,,
chr7;chr7,DELETION,PRSS3P1,PRSS3P2,R1504202615,R1504202616,,
chr7;chr9,INTERCHROM,PRSS3P1,RP11-133O22.6,R1504202616,R1504202617,
chr11;chr11,DELETION,OR5T3,OR5T3,R1504202616,,
chr5;chr5,DELETION,MCC,MCC,R1504202616,,
chr1;chr1,DELETION,HMCN1,HMCN1,R1504202616,,
chr11;chr11,DELETION,LRP4,LRP4,R1504202616,,
chr1;chr1,DELETION,RPTN,RPTN,R1504202616,,
chr7;chr7,DELETION,TRBV7-7,TRBV7-3,R1504202615,R1504202616,R1504202617,
chr2;chr2,DELETION,GGCX,GGCX,R1504202616,,
chr22;chr22,DELETION,MEI1,MEI1,R1504202615,R1504202617,
chr17;chrX,INTERCHROM,ALOXE3,MTM1,R1504202615,,
chr4;chr12,INTERCHROM,RP11-269F21.3,CD163L1,R1504202617,
chrY;chrY,DUPLICATION,DUX4L18,DUX4L19,R1504202615,R1504202617,
chr11;chr11,DELETION,KMT2A,KMT2A,R1504202616,,
chr17;chr17,DELETION,MAP2K4,MAP2K4,R1504202616,,
chr14;chr14,DELETION,SYNE2,SYNE2,R1504202616,,
chr2;chr19,INTERCHROM,SOCS5,SMIM7,R1504202615,,
chr14;chr14,DELETION,IGHD2-21,IGHD2-15,R1504202615,R1504202617,
chr10;chr10,DELETION,CDH23,CDH23,R1504202616,,
chr4;chr4,DELETION,CCNG2,CCNG2,R1504202616,,
chr2;chr2,INVERSION,IGKV1-8,IGKV1D-8,R1504202617,
chr15;chr15,DELETION,HCN4,HCN4,R1504202616,,
chrX;chrX,DELETION,FOXR2,FOXR2,R1504202616,,
chr17;chr17,DELETION,KRT15,KRT15,R1504202616,,
chr8;chr8,DUPLICATION,GML,GML,R1504202615,R1504202616,R1504202617,
chr3;chr3,DELETION,ZNF621,ZNF621,R1504202616,,
chr15;chr15,DELETION,CHSY1,CHSY1,R1504202616,,
chr11;chr11,DELETION,DAGLA,DAGLA,R1504202616,,
chr5;chr5,DELETION,ZDHHC11B,ZDHHC11,R1504202615,R1504202616,R1504202617,
chr2;chr2,DELETION,FSIP2,FSIP2,R1504202616,,
chr6;chr6,DELETION,CNR1,CNR1,R1504202616,,
chr19;chr19,INVERSION,CD97,EMR2,R1504202615,R1504202617,
chr19;chr19,DELETION,PRX,PRX,R1504202616,,
chr1;chr1,DELETION,LAMC2,LAMC2,R1504202616,,
chr20;chr20,DELETION,RIN2,RIN2,R1504202616,,
chr14;chr14,DUPLICATION,OR10G1P,OR10G2,R1504202615,R1504202617,
chr4;chr6,INTERCHROM,KCNIP4,RP11-439L18.3,R1504202615,,
chr11;chr11,DELETION,KCNJ1,KCNJ1,R1504202616,,
chr9;chr9,DELETION,PRRC2B,PRRC2B,R1504202616,,
chr16;chr16,DELETION,ADCY9,ADCY9,R1504202616,,
chr1;chr1,DUPLICATION,IGFN1,IGFN1,R1504202615,R1504202616,,
chr19;chr19,DELETION,ZNF266,ZNF266,R1504202616,,
chr5;chr5,DELETION,HEXB,HEXB,R1504202616,,
chr1;chr1,DELETION,XPR1,XPR1,R1504202616,,
chr16;chr16,DELETION,GRIN2A,GRIN2A,R1504202616,,
chr1;chr1,DELETION,GALNT2,GALNT2,R1504202616,,
chr14;chr14,DELETION,PLD4,PLD4,R1504202616,,
chr12;chr12,DELETION,RP11-755O11.2,RP11-755O11.2,R1504202616,,
chr1;chr1,DELETION,PADI4,PADI4,R1504202615,R1504202616,R1504202617,
chr1;chr1,DELETION,NLRP3,NLRP3,R1504202615,R1504202617,
chrX;chrX,DELETION,TLR8,TLR8,R1504202616,,
chr17;chr17,DELETION,TOP3A,TOP3A,R1504202616,,
chr10;chr10,DUPLICATION,AKR1CL1,AKR1C7P,R1504202615,R1504202617,
chr18;chr18,DELETION,TTR,TTR,R1504202616,,
chr12;chr12,DELETION,RP11-186F10.2,RP11-186F10.2,R1504202616,,
chr19;chr19,DELETION,NFIC,NFIC,R1504202616,,
chr17;chr17,DELETION,VPS53,VPS53,R1504202615,R1504202616,R1504202617,
chr14;chr14,DELETION,DACT1,DACT1,R1504202616,,
chr10;chr10,DELETION,ABCC2,ABCC2,R1504202616,,
chr3;chr3,DELETION,CHMP2B,CHMP2B,R1504202616,,
chr7;chr7,DELETION,ZNF12,ZNF12,R1504202616,,
chr16;chrY,INTERCHROM,RNA5-8SP2,RNA5-8SP6,R1504202615,R1504202616,R1504202617,
chr16;chr16,INVERSION,CES1P2,CES1,R1504202615,,
chr20;chr20,DUPLICATION,CST1,CST2,R1504202617,
chr7;chr7,DELETION,STEAP2,STEAP2,R1504202616,,
chr2;chr2,DELETION,ALMS1,ALMS1,R1504202616,,
chr7;chr7,DELETION,SAMD9,SAMD9,R1504202616,,
chr15;chr15,DELETION,CERS3,CERS3,R1504202615,R1504202616,R1504202617,
chr11;chr11,DUPLICATION,GLB1L3,GLB1L2,R1504202615,,
chr13;chr13,DELETION,SOX21,SOX21,R1504202617,
chr19;chr19,DUPLICATION,PLIN4,PLIN4,R1504202615,R1504202616,R1504202617,
chr6;chr6,DELETION,FAM135A,FAM135A,R1504202616,,
chr16;chr16,DELETION,GSE1,GSE1,R1504202615,,
chr17;chr17,DELETION,CCR7,CCR7,R1504202616,,
chr19;chr19,DELETION,ZNF676,ZNF728,R1504202615,,
chr8;chr8,DELETION,LRRC6,LRRC6,R1504202616,,
chr11;chr11,DUPLICATION,OR8G7P,OR8G1,R1504202615,R1504202616,R1504202617,
chr5;chr6,INTERCHROM,CTD-2089O24.1,BCLAF1,R1504202615,R1504202616,R1504202617,
chr7;chr7,DELETION,TRBV4-2,TRBV4-2,R1504202616,,
chr1;chr1,DELETION,RAD54L,RAD54L,R1504202616,,
chr6;chr6,DELETION,DST,DST,R1504202616,,
chr8;chr8,DELETION,RBM12B,RBM12B,R1504202616,,
chr1;chr14,INTERCHROM,RP11-10N16.2,CNIH1,R1504202617,
chr19;chr19,DELETION,ZNF226,ZNF226,R1504202616,,
chr8;chr8,DUPLICATION,VDAC3,HOOK3,R1504202617,
chr7;chr7,DELETION,CREB5,CREB5,R1504202616,,
chr11;chr11,DELETION,OVCH2,OVCH2,R1504202615,R1504202616,R1504202617,
chr19;chr19,DELETION,AP3D1,AP3D1,R1504202616,,
chr2;chr2,DELETION,APOB,APOB,R1504202616,,
chr12;chr12,DELETION,TAS2R20,TAS2R20,R1504202616,,
chr12;chr12,DELETION,SCN8A,SCN8A,R1504202616,,
chr9;chr9,DELETION,OR1L4,OR1L6,R1504202617,
chr19;chr19,DELETION,ZNF256,ZNF256,R1504202616,,
chr14;chr14,DELETION,RIN3,RIN3,R1504202616,,
chr6;chr14,INTERCHROM,SIM1,ZNF410,R1504202616,,
chr7;chr7,DELETION,EXOC4,EXOC4,R1504202616,,
chr1;chr1,DELETION,FUCA1,FUCA1,R1504202616,,
chr8;chr8,DELETION,UBR5,UBR5,R1504202616,,
chr7;chr7,DELETION,CFTR,CFTR,R1504202616,,
chr12;chr12,DELETION,RIC8B,RIC8B,R1504202616,,
chrY;chrY,DUPLICATION,DUX4L16,DUX4L17,R1504202615,R1504202616,R1504202617,
chr7;chr7,DELETION,SHFM1,SHFM1,R1504202616,,
chr2;chr2,DELETION,NRXN1,NRXN1,R1504202617,
Breakpoints,SV_type,Left_gene,Right_gene,R1504202615,R1504202616,R1504202617,
chr7;chr7,DUPLICATION,MUC3A,MUC3A,R1504202615,R1504202616,R1504202617,
chr4;chr4,DELETION,UNC5C,UNC5C,R1504202616,,
chr10;chr10,INVERSION,LYZL1,LYZL2,R1504202615,R1504202616,R1504202617,
chr11;chr11,DELETION,KDM4E,RP11-735A19.2,R1504202617,
chr14;chr14,DELETION,C14orf166B,C14orf166B,R1504202616,,
chr3;chr3,DELETION,COL6A6,COL6A6,R1504202617,
chr15;chr15,DELETION,NR2F2,NR2F2,R1504202616,,
chr19;chr19,DELETION,ZNF28,ZNF28,R1504202616,,
chr14;chr14,DUPLICATION,IGHV3-9,IGHV3-48,R1504202616,,
chr12;chr12,DELETION,XPOT,XPOT,R1504202617,
chr8;chr8,DELETION,RP1L1,RP1L1,R1504202616,,
chr17;chr17,DELETION,PRR11,PRR11,R1504202616,,
chr7;chr7,DELETION,EPHB6,EPHB6,R1504202616,,
chr1;chr1,DELETION,CACNA1E,CACNA1E,R1504202616,,
chr1;chr1,DELETION,NOL9,NOL9,R1504202616,,
chr11;chr11,DUPLICATION,MUC6,MUC6,R1504202615,R1504202616,R1504202617,
chr8;chr8,DELETION,ERICH1,ERICH1,R1504202616,,
chr12;chr12,DELETION,GNPTAB,GNPTAB,R1504202616,,
chr9;chr9,DELETION,MAN1B1,MAN1B1,R1504202615,R1504202616,R1504202617,
chr14;chr14,DUPLICATION,RP11-104E19.1,RP11-104E19.1,R1504202615,R1504202617,
chr5;chr5,DELETION,PDZD2,PDZD2,R1504202616,,
chr12;chr12,DELETION,TPH2,TPH2,R1504202616,,
chr2;chr2,DELETION,GALNT5,GALNT5,R1504202616,,
chr7;chr7,DELETION,EIF2AK1,EIF2AK1,R1504202616,,
chr7;chr7,DELETION,CBX3,CBX3,R1504202615,R1504202616,R1504202617,
chr8;chr8,DELETION,E2F5,E2F5,R1504202616,,
chr2;chr2,DELETION,SCN7A,SCN7A,R1504202616,,
chr19;chr19,DELETION,MEF2BNB-MEF2B,MEF2BNB-MEF2B,R1504202615,R1504202616,,
chr17;chr17,DELETION,ERBB2,ERBB2,R1504202616,,
chr1;chr15,INTERCHROM,CTSS,RP11-382A20.5,R1504202615,,
chrX;chrX,INVERSION,VCX,VCX2,R1504202616,,
chr19;chr19,DELETION,ZNF551,ZNF551,R1504202616,,
chr19;chr19,DUPLICATION,ZNF676,ZNF676,R1504202616,,
chr12;chr12,DELETION,ADCY6,ADCY6,R1504202616,,
chr16;chr16,DELETION,SMG1,SMG1,R1504202616,,
chr22;chr22,DELETION,IL17RA,IL17RA,R1504202616,,
chr11;chr11,DELETION,SIRT3,SIRT3,R1504202616,,
chr14;chr14,DUPLICATION,IGHV1-3,IGHV7-81,R1504202616,,
chr3;chr3,DELETION,CAPN7,CAPN7,R1504202616,,
chr19;chr19,DUPLICATION,ZNF761,ZNF813,R1504202615,R1504202616,,
chr4;chr4,DELETION,CYP4V2,CYP4V2,R1504202616,,
chr11;chr11,DELETION,MTCH2,MTCH2,R1504202615,R1504202616,R1504202617,
chr17;chr17,DELETION,FMNL1,FMNL1,R1504202616,,
chr9;chr9,DELETION,LAMC3,LAMC3,R1504202616,,
chr5;chr5,DUPLICATION,PCDHB8,PCDHB13,R1504202615,R1504202616,R1504202617,
chr15;chr15,DELETION,CLPX,CLPX,R1504202616,,
chr4;chr4,DELETION,FRAS1,FRAS1,R1504202616,,
chr12;chr12,DELETION,RP11-642P15.1,RP11-642P15.1,R1504202616,,
chr19;chr19,DELETION,RASAL3,RASAL3,R1504202616,,
chr16;chr16,INVERSION,CES1P1,CES1,R1504202615,R1504202616,R1504202617,
chr1;chr1,DUPLICATION,FLG-AS1,FLG-AS1,R1504202615,R1504202616,R1504202617,
chr12;chr12,DELETION,TMBIM4,TMBIM4,R1504202616,,
chr19;chr19,DELETION,ZNF490,ZNF490,R1504202616,,
chr3;chr3,DELETION,PDCD6IP,PDCD6IP,R1504202616,,
chr3;chr3,DELETION,ROBO1,ROBO1,R1504202616,,
chr4;chr4,DELETION,HPSE,HPSE,R1504202615,R1504202616,R1504202617,
chr1;chr2,INTERCHROM,PDE4DIP,KCNH7,R1504202617,
chr19;chr19,DELETION,PALM,PALM,R1504202615,,
chr16;chr16,DELETION,UQCRC2,UQCRC2,R1504202616,,
chr16;chr16,DELETION,RBBP6,RBBP6,R1504202616,,
chr2;chr2,DELETION,PCDP1,PCDP1,R1504202616,,
chr1;chr1,DELETION,KIF17,KIF17,R1504202616,,
chr2;chr2,DELETION,STK36,STK36,R1504202616,,
chr4;chr4,DELETION,OR7E162P,OR7E43P,R1504202615,R1504202617,
chr19;chr19,DELETION,PPP1R12C,PPP1R12C,R1504202615,R1504202617,
chr7;chr7,DELETION,CNOT4,CNOT4,R1504202616,,
chr19;chr19,DELETION,CD22,CD22,R1504202616,,
chr8;chr8,DELETION,NRG1,NRG1,R1504202616,,
chr2;chr2,DELETION,TRIP12,TRIP12,R1504202616,,
chr13;chr13,DELETION,STK24,STK24,R1504202616,,
chr5;chr5,DELETION,LECT2,LECT2,R1504202616,,
chr15;chr15,DELETION,GOLGA6L2,GOLGA6L2,R1504202616,,
chr14;chr14,DELETION,AC005519.4,AC005519.4,R1504202616,,
chr1;chr1,DELETION,IL20,IL20,R1504202616,,
chr1;chr1,DELETION,PTPN14,PTPN14,R1504202616,,
chr11;chr11,DELETION,PTH,PTH,R1504202616,,
chr11;chr11,DELETION,PDE2A,PDE2A,R1504202616,,
chr1;chr1,DELETION,GBP7,GBP7,R1504202616,,
chr1;chr1,DELETION,RP1-28O10.1,RP1-28O10.1,R1504202616,,
chr1;chr1,DELETION,IQGAP3,IQGAP3,R1504202615,R1504202617,
chr8;chr8,DELETION,GML,GML,R1504202615,R1504202616,R1504202617,
chr7;chr7,DUPLICATION,TRGC2,TRGC2,R1504202615,R1504202617,
chr15;chr15,DELETION,FBN1,FBN1,R1504202616,,
chr11;chr11,DELETION,TAF10,TAF10,R1504202616,,
chr6;chr6,DELETION,GABRR2,GABRR2,R1504202616,,
chr10;chr10,DELETION,HPSE2,HPSE2,R1504202616,,
chr1;chr1,DELETION,CD58,CD58,R1504202615,R1504202616,R1504202617,
chr19;chr19,DELETION,SBK2,SBK2,R1504202615,,
chr1;chr1,DELETION,OR6K5P,OR6K5P,R1504202616,,
chr1;chr1,DELETION,HEATR1,HEATR1,R1504202616,,
chr2;chr2,DELETION,LRPPRC,LRPPRC,R1504202616,,
chr21;chr21,DELETION,TPTE,TPTE,R1504202615,R1504202616,,
chr8;chr8,DELETION,CYC1,CYC1,R1504202616,,
chr1;chr1,DELETION,OR2M1P,OR2M1P,R1504202616,,
chr19;chr19,DUPLICATION,AC005255.5,OR7A3P,R1504202615,R1504202616,R1504202617,
chr10;chr10,DELETION,CYP17A1,CYP17A1,R1504202615,R1504202616,R1504202617,
chr14;chr14,DELETION,FSCB,FSCB,R1504202616,,
chr9;chr9,DELETION,ZCCHC6,ZCCHC6,R1504202616,,
chr2;chr5,INTERCHROM,MFF,PDE6A,R1504202615,R1504202616,R1504202617,
chr7;chr7,INVERSION,AZGP1P1,AZGP1P2,R1504202615,R1504202616,R1504202617,
chr1;chr1,DELETION,TNFRSF18,TNFRSF18,R1504202616,,
chr14;chr14,DELETION,ESRRB,ESRRB,R1504202617,
chr3;chr3,DELETION,RP11-274H2.2,RP11-274H2.2,R1504202616,,
chr17;chr17,DELETION,CASKIN2,CASKIN2,R1504202616,,
chr4;chr8,INTERCHROM,RP11-333E13.2,PABPC1,R1504202615,R1504202616,,
chr7;chr7,INVERSION,TRBV6-1,TRBV6-7,R1504202617,
chr7;chr7,DELETION,DGKB,DGKB,R1504202616,,
chr3;chr3,DELETION,CD200R1,CD200R1,R1504202616,,
chr1;chr2,INTERCHROM,RP4-592A1.2,KRT18P52,R1504202617,
chr9;chr9,DUPLICATION,MAN1B1,MAN1B1,R1504202615,R1504202616,R1504202617,
chr4;chr4,DELETION,FGG,FGG,R1504202616,,
chr7;chr7,DELETION,DDC,DDC,R1504202616,,
chr9;chr9,DELETION,TNFSF8,TNFSF8,R1504202616,,
chr22;chr22,DELETION,PI4KA,PI4KA,R1504202616,,
chr7;chr7,DELETION,PEX1,PEX1,R1504202616,,
chr1;chr1,DELETION,AGT,AGT,R1504202616,,
chr11;chr11,DELETION,ASCL3,ASCL3,R1504202616,,
chr8;chr8,DELETION,LYPLA1,LYPLA1,R1504202616,,
chr2;chr7,INTERCHROM,HOXD11,AGAP3,R1504202615,,
chr19;chr19,DELETION,CACNG8,CACNG8,R1504202616,,
chr17;chr17,DELETION,GPATCH8,GPATCH8,R1504202616,,
chr1;chr1,DUPLICATION,HSD3B1,HSD3BP4,R1504202615,R1504202616,R1504202617,
chr13;chr13,DELETION,FRY,FRY,R1504202616,,
chr11;chr11,DELETION,TRIM5,TRIM5,R1504202615,R1504202616,R1504202617,
chr3;chr3,DELETION,MITF,MITF,R1504202615,R1504202617,
chr15;chr15,DELETION,RP11-164J13.1,RP11-164J13.1,R1504202616,,
chr10;chr10,DELETION,CYP2C19,CYP2C19,R1504202616,,
chr1;chr1,DELETION,SZT2,SZT2,R1504202616,,
chr19;chr19,DELETION,ZNF559,ZNF559,R1504202616,,
chr7;chr9,INTERCHROM,PRSS3P2,RP11-133O22.6,R1504202615,,
chr2;chr2,INVERSION,AC093162.5,RETSAT,R1504202615,R1504202616,R1504202617,
chr10;chr10,DELETION,LRRC27,LRRC27,R1504202615,,
chr7;chr7,DELETION,RP11-274B21.5,RP11-274B21.5,R1504202615,R1504202616,R1504202617,
chr19;chr19,DELETION,ZNF493,ZNF493,R1504202615,R1504202616,R1504202617,
chr16;chr16,DELETION,COG4,COG4,R1504202615,R1504202616,R1504202617,
chr14;chr14,DELETION,TEP1,TEP1,R1504202616,,
chr17;chr17,DELETION,SERPINF2,SERPINF2,R1504202616,,
chr7;chr7,DELETION,CNTNAP2,CNTNAP2,R1504202617,
chr1;chr1,DELETION,CHD1L,CHD1L,R1504202616,,
chr11;chr11,INVERSION,KRTAP5-4,KRTAP5-8,R1504202615,,
chr22;chr22,DELETION,CTA-211A9.5,CTA-211A9.5,R1504202617,
chr17;chr17,DELETION,ZNF594,ZNF594,R1504202616,,
chr19;chr19,DELETION,CD209,CD209,R1504202615,,
chr10;chr10,DELETION,NPY4R,LINC00842,R1504202617,
chr9;chr9,DELETION,TUBB4B,TUBB4B,R1504202616,,
chr17;chr17,DELETION,HOXB1,HOXB1,R1504202616,,
chr15;chr15,DELETION,LINS,LINS,R1504202616,,
chr8;chr8,DELETION,PDP1,PDP1,R1504202616,,
chr8;chr8,DELETION,AGPAT5,AGPAT5,R1504202615,R1504202616,R1504202617,
chr8;chr8,DELETION,RP11-238K6.1,RP11-238K6.1,R1504202616,,
chr17;chr17,DELETION,FN3K,FN3K,R1504202616,,
chr19;chr19,DELETION,ZNF507,ZNF507,R1504202616,,
chr6;chr6,DELETION,PRPF4B,PRPF4B,R1504202615,R1504202616,R1504202617,
chr15;chr15,DELETION,KIAA1199,KIAA1199,R1504202616,,
chr2;chr2,DELETION,ITGB6,ITGB6,R1504202616,,
chr19;chr19,DELETION,ZNF836,ZNF836,R1504202616,,
chr1;chr1,DELETION,EXOC8,EXOC8,R1504202616,,
chr17;chr17,DELETION,SSH2,SSH2,R1504202616,,
chr1;chr1,DELETION,ELAVL4,ELAVL4,R1504202616,,
chr2;chr2,DELETION,NBEAL1,NBEAL1,R1504202616,,
chr20;chr20,DELETION,TUBB1,TUBB1,R1504202616,,
chr3;chr3,DELETION,PSMD6,PSMD6,R1504202616,,
chr19;chr19,DELETION,RPS9,RPS9,R1504202615,R1504202616,R1504202617,
chr4;chr4,DELETION,LPHN3,LPHN3,R1504202616,,
chr1;chr1,DELETION,ASPM,ASPM,R1504202616,,
chr1;chr1,DELETION,TCHHL1,TCHHL1,R1504202616,,
chr1;chr1,DELETION,PTGS2,PTGS2,R1504202616,,
chr2;chr2,DELETION,PSMD1,PSMD1,R1504202615,R1504202616,,
chr12;chr12,INVERSION,TDG,TMEM132B,R1504202615,R1504202616,R1504202617,
chr9;chr9,DELETION,GNA14,GNA14,R1504202616,,
chr5;chr5,DELETION,NDUFS6,NDUFS6,R1504202616,,
chr21;chr21,DELETION,COL6A2,COL6A2,R1504202615,,
chr6;chr6,DELETION,RP11-517H2.6,RP11-517H2.6,R1504202616,,
chr1;chr1,DELETION,PDE4DIP,PDE4DIP,R1504202615,,
chr15;chr15,DELETION,TP53BP1,TP53BP1,R1504202616,,
chr6;chr6,DELETION,PLN,PLN,R1504202616,,
chr1;chr1,DELETION,GLUL,GLUL,R1504202616,,
chr5;chr5,DELETION,SLC9A3,SLC9A3,R1504202615,R1504202616,R1504202617,
chr1;chr12,INTERCHROM,NUDT4P1,NUDT4,R1504202615,R1504202616,R1504202617,
chr10;chr10,DELETION,PCDH15,PCDH15,R1504202616,,
chr19;chr19,DELETION,ZNF575,ZNF575,R1504202616,,
chr11;chr11,DELETION,CRYAB,CRYAB,R1504202616,,
chr6;chr6,DELETION,DLL1,DLL1,R1504202616,,
chr11;chr11,DELETION,OR4C4P,OR4C4P,R1504202615,R1504202616,R1504202617,
chr4;chr4,DELETION,CPE,CPE,R1504202616,,
chr1;chr1,DELETION,ARHGEF10L,ARHGEF10L,R1504202616,,
chr16;chr16,DUPLICATION,RP11-960L18.1,RP11-960L18.1,R1504202615,,
chr1;chr1,DELETION,SERPINC1,SERPINC1,R1504202616,,
chr1;chr1,DELETION,COX20,COX20,R1504202616,,
chr10;chr10,DELETION,ZNF33B,ZNF33B,R1504202616,,
chr17;chr17,DELETION,GP1BA,GP1BA,R1504202616,,
chr15;chr15,DELETION,LINGO1,LINGO1,R1504202615,,
chr2;chr2,DELETION,LRP2,LRP2,R1504202616,,
chr11;chr11,DELETION,MALAT1,MALAT1,R1504202616,,
chr4;chr4,DUPLICATION,CRIPAK,CRIPAK,R1504202616,,
chr7;chr7,DELETION,TRBV5-5,TRBV5-4,R1504202616,,
chr16;chr16,DELETION,ZNF597,ZNF597,R1504202616,,
chr11;chr11,DELETION,JRKL,JRKL,R1504202616,,
chr2;chr2,DELETION,TTN,TTN,R1504202616,,
chr20;chr20,DELETION,SNHG17,SNHG17,R1504202615,R1504202616,,
chr12;chr12,DELETION,MYL6,MYL6,R1504202617,
chr12;chr12,DELETION,PRIM1,PRIM1,R1504202616,,
chr15;chr15,DUPLICATION,GOLGA6L2,GOLGA6L2,R1504202615,R1504202616,,
chr7;chr7,DELETION,TRBV11-2,TRBV7-3,R1504202615,R1504202616,,
chr17;chr17,DELETION,PLD2,PLD2,R1504202616,,
chr2;chr6,INTERCHROM,FASTKD2,LINC01013,R1504202616,,
chr1;chr12,INTERCHROM,TUBB8P11,TUBB8P5,R1504202616,,
chr6;chr6,DELETION,NMBR,NMBR,R1504202616,,
chr7;chr7,DELETION,TRBV6-7,TRBV6-5,R1504202615,R1504202616,R1504202617,
chr22;chr22,DELETION,BRD1,BRD1,R1504202616,,
chr2;chr2,DELETION,MFF,MFF,R1504202615,R1504202616,R1504202617,
chr17;chr17,DELETION,KRT37,KRT38,R1504202615,R1504202617,
chr2;chr2,DELETION,FN1,FN1,R1504202616,,
chr2;chr11,INTERCHROM,AC068718.1,CHKA,R1504202616,,
chr18;chr18,DELETION,GAREM,GAREM,R1504202616,,
chr11;chr11,DELETION,CD3D,CD3D,R1504202616,,
chr14;chr14,DUPLICATION,IGHA2,IGHA1,R1504202616,R1504202617,
chr11;chr11,DELETION,TPP1,TPP1,R1504202616,,
chr12;chr12,DUPLICATION,KRT6B,KRT6A,R1504202615,R1504202617,
chr6;chr6,DELETION,UTRN,UTRN,R1504202616,,
chr8;chr8,DELETION,STK3,STK3,R1504202616,,
chr2;chr2,DELETION,SEMA4F,SEMA4F,R1504202616,,
chr19;chr19,DELETION,EPS8L1,EPS8L1,R1504202616,,
chr17;chr17,DELETION,NEK8,NEK8,R1504202616,,
chrX;chrX,DELETION,NR0B1,NR0B1,R1504202616,,
chr5;chr5,DELETION,ZFR,ZFR,R1504202616,,
chr16;chr16,DELETION,ATF7IP2,ATF7IP2,R1504202616,,
chr9;chr9,DELETION,PRPF4,PRPF4,R1504202616,,
chr14;chr14,DELETION,GCH1,GCH1,R1504202616,,
chr11;chr11,DELETION,ZC3H12C,ZC3H12C,R1504202616,,
chr6;chr6,DELETION,SASH1,SASH1,R1504202616,,
chr2;chr2,DELETION,PRKAG3,PRKAG3,R1504202616,,
chr1;chr1,DELETION,ATPAF1,ATPAF1,R1504202616,,
chr15;chr15,DELETION,OR4F13P,OR4F13P,R1504202616,,
chr5;chr5,DELETION,COL23A1,COL23A1,R1504202616,,
chr13;chr13,DELETION,IRS2,IRS2,R1504202616,,
chr19;chr19,DELETION,OR7G2,OR7G2,R1504202616,,
chr4;chr4,DELETION,KIAA1430,KIAA1430,R1504202616,,
chr3;chr3,DELETION,LRRFIP2,LRRFIP2,R1504202616,,
chr15;chr15,DELETION,MESP2,MESP2,R1504202616,,
chr20;chr20,DELETION,WFDC11,WFDC11,R1504202616,,
chr7;chr7,DELETION,RAPGEF5,RAPGEF5,R1504202616,,
chr1;chr1,DELETION,FAAH,FAAH,R1504202616,,
chr3;chr3,DELETION,SAMD7,SAMD7,R1504202616,,
chr14;chr14,DELETION,OR4Q2,OR4Q2,R1504202616,,
chr20;chr20,DELETION,SNPH,SNPH,R1504202616,,
chr12;chr12,DELETION,TDG,TDG,R1504202615,R1504202616,R1504202617,
chr7;chr7,DELETION,PON1,PON1,R1504202616,,
chr8;chr8,INVERSION,RP11-383H13.1,RP11-383H13.1,R1504202615,R1504202617,
chr8;chr8,DELETION,CSMD3,CSMD3,R1504202616,,
chr2;chr2,DELETION,SMC6,SMC6,R1504202616,,
chr3;chr3,DELETION,C3orf72,C3orf72,R1504202616,,
chr7;chr7,DELETION,LSMEM1,LSMEM1,R1504202616,,
chr2;chr2,DELETION,PASK,PASK,R1504202616,,
chr9;chr9,DELETION,KIF27,KIF27,R1504202616,,
chr17;chr17,DELETION,KRTAP9-6,KRTAP9-7,R1504202615,R1504202617,
chr7;chr7,DELETION,TRRAP,TRRAP,R1504202615,R1504202616,,
chr7;chr7,DELETION,RP11-1220K2.2,RP11-1220K2.2,R1504202616,,
chr6;chr15,INTERCHROM,TMEM242,MYO1E,R1504202615,R1504202616,,
chr11;chr11,DELETION,RP11-587D21.4,RP11-587D21.4,R1504202616,,
chr6;chr6,DELETION,PKIB,PKIB,R1504202616,,
chr18;chr18,DELETION,CCDC68,CCDC68,R1504202616,,
chr11;chr11,DELETION,MUC5AC,MUC5AC,R1504202616,,
chr4;chr4,DELETION,ZNF595,ZNF141,R1504202615,R1504202616,R1504202617,
chr6;chr6,DELETION,PLA2G7,PLA2G7,R1504202616,,
chr4;chr4,DELETION,TLR3,TLR3,R1504202616,,
chr11;chr11,INVERSION,CNTN5,CNTN5,R1504202615,R1504202616,R1504202617,
chr1;chr14,INTERCHROM,SLC2A5,BTBD7,R1504202615,R1504202616,R1504202617,
chr5;chr5,DELETION,ANXA6,ANXA6,R1504202616,,
chr18;chr18,DELETION,RBBP8,RBBP8,R1504202615,,
chr3;chr3,DELETION,NBEAL2,NBEAL2,R1504202616,,
chr9;chr9,DELETION,COL5A1,COL5A1,R1504202615,R1504202616,R1504202617,
chr6;chr6,DELETION,SYNE1,SYNE1,R1504202616,,
chr3;chr8,INTERCHROM,PABPC1P10,PABPC1,R1504202615,R1504202616,R1504202617,
chr9;chr9,DELETION,SPTAN1,SPTAN1,R1504202616,,
chr5;chr5,DELETION,DIAPH1,DIAPH1,R1504202616,,
chr22;chr22,DELETION,NDUFA6-AS1,CYP2D7P1,R1504202615,R1504202617,
chr16;chr16,DELETION,SRCAP,SRCAP,R1504202616,,
chr12;chr12,DELETION,RAPGEF3,RAPGEF3,R1504202616,,
chr7;chr7,DUPLICATION,ADCY1,ADCY1,R1504202617,
chr19;chr19,DELETION,ZNF625-ZNF20,ZNF625-ZNF20,R1504202616,,
chr19;chr19,INVERSION,CYP2A7,CYP2A13,R1504202616,,
chr5;chr5,DELETION,KLHL3,KLHL3,R1504202616,,
chr6;chr6,DELETION,IRF4,IRF4,R1504202616,,
chr6;chr6,DELETION,SYCP2L,SYCP2L,R1504202616,,
chr14;chr14,DELETION,RP11-14J7.6,RP11-14J7.6,R1504202616,,
chr17;chr17,DELETION,ENO3,ENO3,R1504202616,,
chr16;chr16,DELETION,SRL,SRL,R1504202616,,
chr3;chr3,DELETION,GLYCTK-AS1,GLYCTK-AS1,R1504202616,,
chr8;chr8,DELETION,LRP12,LRP12,R1504202616,,
chr7;chr7,DELETION,MGAM,MGAM,R1504202615,R1504202617,
chr10;chr10,DELETION,HK1,HK1,R1504202616,,
chr19;chr19,DELETION,ZNF626,ZNF626,R1504202616,,
chr2;chr2,DELETION,SCN3A,SCN3A,R1504202616,,
chr6;chr6,DELETION,ANKS1A,ANKS1A,R1504202616,,
chr22;chr22,DELETION,IGLV5-48,IGLV5-45,R1504202615,R1504202616,R1504202617,
chr4;chr4,DELETION,ADH1B,ADH1B,R1504202616,,
chr7;chr7,INVERSION,SAMD9L,CALCR,R1504202617,
chr12;chr18,INTERCHROM,PTPRQ,NOL4,R1504202617,
chr2;chr2,DELETION,AC131097.3,AC131097.3,R1504202615,R1504202616,,
chr7;chr7,DELETION,IKZF1,IKZF1,R1504202616,,
chr11;chr11,INVERSION,SCUBE2,RP11-727A23.10,R1504202616,,
chr10;chr10,DELETION,LIPA,LIPA,R1504202616,,
chr3;chr3,DELETION,TP63,TP63,R1504202615,,
chr3;chr3,DELETION,DNAH12,DNAH12,R1504202616,,
chr1;chr1,DELETION,IRF6,IRF6,R1504202616,,
chr7;chr7,DELETION,PRPS1L1,PRPS1L1,R1504202616,,
chr19;chr19,DELETION,BSPH1,BSPH1,R1504202615,R1504202616,,
chr1;chr1,INVERSION,RYR2,RYR2,R1504202615,R1504202617,
chr12;chr12,INVERSION,RP11-22B23.1,DDX12P,R1504202616,R1504202617,
chr16;chr16,DELETION,SHCBP1,SHCBP1,R1504202616,,
chr3;chr3,DELETION,TGFBR2,TGFBR2,R1504202616,,
chr10;chr10,DELETION,COL13A1,COL13A1,R1504202616,,
chr7;chr7,DELETION,RP1-170O19.23,RP1-170O19.23,R1504202616,,
chr8;chr8,DELETION,DDHD2,DDHD2,R1504202616,,
chr14;chr18,INTERCHROM,WDR89,RP11-807E13.2,R1504202615,R1504202616,R1504202617,
chr4;chr16,INTERCHROM,INPP4B,RP11-432I5.6,R1504202616,,
chr1;chr1,DELETION,ADAM15,ADAM15,R1504202616,,
chr6;chr6,DELETION,ZNF318,ZNF318,R1504202616,,
chr9;chr9,DELETION,TAF1L,TAF1L,R1504202616,,
chr4;chr4,DELETION,KIAA1239,KIAA1239,R1504202616,,
chr3;chr3,DELETION,ACTR8,ACTR8,R1504202616,,
chr2;chr4,INTERCHROM,NOL10,FRYL,R1504202617,
chr20;chr20,DELETION,ADRA1D,ADRA1D,R1504202616,,
chr21;chr21,DELETION,NRIP1,NRIP1,R1504202616,,
chr8;chr8,DELETION,PRKDC,PRKDC,R1504202616,,
chr21;chr21,DELETION,HSF2BP,HSF2BP,R1504202617,
chr13;chr17,INTERCHROM,COG3,RP11-434D2.11,R1504202615,R1504202616,R1504202617,
chr6;chr6,DELETION,SERAC1,SERAC1,R1504202615,R1504202616,R1504202617,
chr19;chr19,DELETION,LILRB5,LILRB5,R1504202616,,
chr3;chr11,INTERCHROM,RP11-575C1.1,MTCH2,R1504202615,R1504202616,R1504202617,
chr1;chr15,INTERCHROM,MAN1C1,RP11-208K4.1,R1504202617,
chr12;chr12,DELETION,ATP6V0A2,ATP6V0A2,R1504202616,,
chr19;chr19,DELETION,GLTSCR1,GLTSCR1,R1504202616,,
chr3;chr3,DELETION,BSN,BSN,R1504202616,,
chr7;chr12,INTERCHROM,RP11-700P18.1,XPOT,R1504202617,
chr17;chr17,DELETION,KRTAP1-5,KRTAP1-3,R1504202615,R1504202616,R1504202617,
chr17;chr17,DELETION,CACNA1G,CACNA1G,R1504202616,,
chr6;chr7,INTERCHROM,TXNDC5,PIP5K1P2,R1504202616,,
chr18;chr18,DELETION,LOXHD1,LOXHD1,R1504202616,,
chr14;chr14,DELETION,CNIH1,CNIH1,R1504202617,
chr2;chr20,INTERCHROM,OSBPL6,ITCH,R1504202616,,
chr19;chr19,DELETION,ZNF235,ZNF235,R1504202616,,
chr14;chr14,DUPLICATION,IGHV3-21,IGHV3-71,R1504202615,R1504202616,R1504202617,
chr12;chr12,DELETION,TENC1,TENC1,R1504202616,,
chr10;chr10,DELETION,MYOF,MYOF,R1504202616,,
chr19;chr19,DELETION,ZNF709,ZNF709,R1504202616,,
chr2;chr2,DELETION,PIKFYVE,PIKFYVE,R1504202616,,
chr1;chr1,DELETION,F5,F5,R1504202616,,
chr14;chr14,DELETION,MYH7,MYH7,R1504202616,,
chr7;chr7,DELETION,TMEM168,TMEM168,R1504202616,,
chr8;chr8,DELETION,PHF20L1,PHF20L1,R1504202616,,
chr1;chr1,DELETION,ARID1A,ARID1A,R1504202616,,
chr12;chr12,DELETION,WNK1,WNK1,R1504202616,,
chr1;chr1,DELETION,PFN1P10,NBPF3,R1504202616,,
chr14;chr14,DELETION,IGHV3-43,IGHV3-64,R1504202615,R1504202616,R1504202617,
chr14;chr14,DUPLICATION,IGHV3-60,IGHV3-62,R1504202615,R1504202616,R1504202617,
chr12;chr12,DELETION,C12orf49,C12orf49,R1504202616,,
chr4;chr4,DELETION,FBXW7,FBXW7,R1504202616,,
chr1;chr1,DELETION,CELA2B,CELA2B,R1504202616,,
chr7;chr7,DELETION,HDAC9,HDAC9,R1504202616,,
chr11;chr13,INTERCHROM,CDON,IPO5,R1504202617,
chr2;chr2,DELETION,PROKR1,PROKR1,R1504202616,,
chr2;chr20,INTERCHROM,HTR5BP,SLC24A3,R1504202615,,
chr11;chr11,DUPLICATION,MUC2,MUC2,R1504202616,,
chr4;chr4,DELETION,INTU,INTU,R1504202616,,
chr5;chr5,INVERSION,SPINK14,SPINK14,R1504202615,,
chr4;chr4,DELETION,SPON2,SPON2,R1504202616,,
chr19;chr19,DUPLICATION,CACNA1A,DCAF15,R1504202617,
chr8;chr8,DUPLICATION,TNFRSF10B,TNFRSF10A,R1504202615,R1504202617,
chr10;chr10,DELETION,POLR3A,POLR3A,R1504202616,,
chr5;chr5,DELETION,SNORD95,SNORD95,R1504202616,,
chr11;chr11,DELETION,RP11-347H15.2,RP11-347H15.2,R1504202616,,
chr12;chr12,DELETION,RP11-641A6.5,RP11-641A6.5,R1504202616,,
chr7;chr7,DELETION,STEAP2-AS1,STEAP2-AS1,R1504202615,R1504202617,
chr21;chr21,DELETION,BRWD1,BRWD1,R1504202616,,
chr6;chr6,DELETION,ZNF292,ZNF292,R1504202616,,
chrX;chrX,DELETION,IL2RG,IL2RG,R1504202616,,
